*, Estimation                                                                                                                                     , Status      , By                           , RemTime, IdLink                                                                                                                                                                                                                                                                                                                                                                                             , DependsOn
 ,                                                                                                                                                ,             ,                              ,        , -->Tasks\<                                                                                                                                                                                                                                                                                                                                                                                         , 
 ,                                                                                                                                                ,             ,                              ,        , -->Tasks\Archive\<                                                                                                                                                                                                                                                                                                                                                                                 , 
 ,                                                                                                                                                ,             ,                              ,        , -->Tasks\Archive\PublicRelations\<                                                                                                                                                                                                                                                                                                                                                                 , 
 ,                                                                                                                                                ,             , All                          ,        , -->Tasks\Archive\PublicRelations\..Marketingideas<                                                                                                                                                                                                                                                                                                                                                 , 
 ,                                                                                                                                                ,             ,                              ,        , -->Tasks\Archive\PublicRelations\..WrittenMarketing<                                                                                                                                                                                                                                                                                                                                               , 
 ,                                                                                                                                                , InProgress  ,                              ,        , "-->Tasks\Archive\PublicRelations\..WrittenMarketing..""Approach Reddit groups""<"                                                                                                                                                                                                                                                                                                                 , 
 ,                                                                                                                                                , TODO        , Bobi                         ,        , "-->Tasks\Archive\PublicRelations\..WrittenMarketing..""Approach Reddit groups""..Coopgroup<"                                                                                                                                                                                                                                                                                                      , 
 ,                                                                                                                                                , InProgress  ,                              ,        , "-->Tasks\Archive\PublicRelations\..WrittenMarketing..""Approach Reddit groups""..Coopgroup..""Post an intro and then gradually ask questions""<"                                                                                                                                                                                                                                                  , 
 ,                                                                                                                                                , Done        , Gigi                         ,        , "-->Tasks\Archive\PublicRelations\..WrittenMarketing..""Approach Reddit groups""..Coopgroup..""Post an intro and then gradually ask questions""..""Create a file for the questions and intro under Business Analysis folder""<"                                                                                                                                                                    , 
 , "2 hour (timeboxed, for one person), 4 hours (timeboxed, for 2 person)"                                                                        , TODO        , "Hana, Giselle"              ,        , "-->Tasks\Archive\PublicRelations\..WrittenMarketing..""Approach Reddit groups""..Coopgroup..""Post an intro and then gradually ask questions""..CreateBaseline<"                                                                                                                                                                                                                                  , 
 , 1 hour (timeboxed)                                                                                                                             , Done        , Hana                         ,        , "-->Tasks\Archive\PublicRelations\..WrittenMarketing..""Approach Reddit groups""..Coopgroup..""Post an intro and then gradually ask questions""..CreateBaseline..""Hana to create her version of the post""<"                                                                                                                                                                                      , 
 , 1 hour (timeboxed)                                                                                                                             , Done        , Gigi                         ,        , "-->Tasks\Archive\PublicRelations\..WrittenMarketing..""Approach Reddit groups""..Coopgroup..""Post an intro and then gradually ask questions""..CreateBaseline..""Gigi to create her version of the post""<"                                                                                                                                                                                      , 
 , 2 hours                                                                                                                                        , Done        , "Hana, Gigi"                 ,        , "-->Tasks\Archive\PublicRelations\..WrittenMarketing..""Approach Reddit groups""..Coopgroup..""Post an intro and then gradually ask questions""..CreateBaseline..""Hana and Gigi to merge their versions""<"                                                                                                                                                                                       , "-->.Hana to create her version of the post:<, -->.Gigi to create her version of the post:<"
 ,                                                                                                                                                , InProgress  ,                              ,        , "-->Tasks\Archive\PublicRelations\..WrittenMarketing..""Approach Reddit groups""..Coopgroup..""Post an intro and then gradually ask questions""..ReviewBaseline<"                                                                                                                                                                                                                                  , -->CreateBaseline<
 ,                                                                                                                                                , TODO        ,                              ,        , "-->Tasks\Archive\PublicRelations\..WrittenMarketing..""Approach Reddit groups""..Coopgroup..""Post an intro and then gradually ask questions""..PostFirst<"                                                                                                                                                                                                                                       , "-->ReviewBaseline<, -->-Result->new TODO Find the task about completing the website with the deepdive section<"
 ,                                                                                                                                                , Blocked     ,                              ,        , "-->Tasks\Archive\PublicRelations\..WrittenMarketing..""Approach Reddit groups""..Coopgroup..""Post an intro and then gradually ask questions""..ReplyAndOrPostTheRest<"                                                                                                                                                                                                                           , -->PostFirst<
 ,                                                                                                                                                , Blocked     , "Gigi, Hana"                 ,        , "-->Tasks\Archive\PublicRelations\..WrittenMarketing..""Approach Reddit groups""..Coopgroup..""Post an intro and then gradually ask questions""..Postmarketinganalysis<"                                                                                                                                                                                                                           , -->ReplyAndOrPostTheRest<
 ,                                                                                                                                                , TODO        , marketing                    ,        , "-->Tasks\Archive\PublicRelations\..WrittenMarketing..""Approach Reddit groups""..""CSharp group""<"                                                                                                                                                                                                                                                                                               , 
 ,                                                                                                                                                ,             , Bobi                         ,        , "-->Tasks\Archive\PublicRelations\..WrittenMarketing..""Approach Reddit groups""..""CSharp group""..""Collect C# related questions""<"                                                                                                                                                                                                                                                             , 
 ,                                                                                                                                                , TODO        , marketing                    ,        , "-->Tasks\Archive\PublicRelations\..WrittenMarketing..""Approach Reddit groups""..Startups<"                                                                                                                                                                                                                                                                                                       , 
 ,                                                                                                                                                , TODO        , Bobi                         ,        , "-->Tasks\Archive\PublicRelations\..WrittenMarketing..""Approach Reddit groups""..Developers<"                                                                                                                                                                                                                                                                                                     , 
 ,                                                                                                                                                , TODO        , all                          ,        , "-->Tasks\Archive\PublicRelations\..WrittenMarketing..""Write thoughts on X""<"                                                                                                                                                                                                                                                                                                                    , 
 ,                                                                                                                                                , TODO        , All                          ,        , "-->Tasks\Archive\PublicRelations\..WrittenMarketing..""Write thoughts on X""..FairDefinitionX<"                                                                                                                                                                                                                                                                                                   , 
 ,                                                                                                                                                , TODO        , Bobi                         ,        , "-->Tasks\Archive\PublicRelations\..WrittenMarketing..""Write thoughts on X""..FairDefinitionX..""Write the definition of Fair""<"                                                                                                                                                                                                                                                                 , 
 ,                                                                                                                                                , Blocked     ,                              ,        , "-->Tasks\Archive\PublicRelations\..WrittenMarketing..""Write thoughts on X""..FairDefinitionX..""Publish the definition of Fair""<"                                                                                                                                                                                                                                                               , "-->Tasks\PublicRelations\..WrittenMarketing..""Write thoughts on X""..""Definition of Fair""..""Write the definition of Fair""<"
 ,                                                                                                                                                , TODO        , marketing                    ,        , -->Tasks\Archive\PublicRelations\..WrittenMarketing..RegularUpdates<                                                                                                                                                                                                                                                                                                                               , 
 ,                                                                                                                                                , TODO        , marketing                    ,        , "-->Tasks\Archive\PublicRelations\..WrittenMarketing..RegularUpdates..""Create a strategy/process about what needs to be done""<"                                                                                                                                                                                                                                                                  , 
 ,                                                                                                                                                , TODO        , pms                          ,        , "-->Tasks\Archive\PublicRelations\..WrittenMarketing..RegularUpdates..""Create and schedule tasks for the team""<"                                                                                                                                                                                                                                                                                 , 
 ,                                                                                                                                                , TODO        , Hana                         ,        , -->Tasks\Archive\PublicRelations\..WrittenMarketing..GoThroughMaterial<                                                                                                                                                                                                                                                                                                                            , 
 ,                                                                                                                                                , TODO        , All                          ,        , -->Tasks\Archive\PublicRelations\..WrittenMarketing..Writtenarticlesplatforms<                                                                                                                                                                                                                                                                                                                     , 
 ,                                                                                                                                                , Blocked     , Bobi                         ,        , -->Tasks\Archive\PublicRelations\..WrittenMarketing..ProjectUpdate20250730<                                                                                                                                                                                                                                                                                                                        , 
 ,                                                                                                                                                , TODO        , Bobi                         ,        , "-->Tasks\Archive\PublicRelations\..WrittenMarketing..ProjectUpdate20250730..""Create the content""<"                                                                                                                                                                                                                                                                                              , 
 ,                                                                                                                                                , Blocked     , Bobi                         ,        , "-->Tasks\Archive\PublicRelations\..WrittenMarketing..ProjectUpdate20250730..""Format it to the website""<"                                                                                                                                                                                                                                                                                        , "-->Tasks\PublicRelations\..WrittenMarketing..""Create project updates as of 20250730 on the site""..""Create the content""<"
 ,                                                                                                                                                , InProgress  ,                              ,        , -->Tasks\Archive\PublicRelations\..WrittenMarketing..SwitchingEarthOn<                                                                                                                                                                                                                                                                                                                             , 
 ,                                                                                                                                                , InProgress  ,                              ,        , -->Tasks\Archive\PublicRelations\..WrittenMarketing..SwitchingEarthOn..SummaryAboutIt<                                                                                                                                                                                                                                                                                                             , 
 ,                                                                                                                                                , InProgress  ,                              ,        , -->Tasks\Archive\PublicRelations\..WrittenMarketing..SwitchingEarthOn..SummaryAboutIt..Article<                                                                                                                                                                                                                                                                                                    , 
 ,                                                                                                                                                , InProgress  , everyone                     ,        , "-->Tasks\Archive\PublicRelations\..WrittenMarketing..SwitchingEarthOn..SummaryAboutIt..Article..""Review, give feedback""<"                                                                                                                                                                                                                                                                       , 
 ,                                                                                                                                                , Blocked     , Bobi                         ,        , "-->Tasks\Archive\PublicRelations\..WrittenMarketing..SwitchingEarthOn..SummaryAboutIt..Article..""Finalize the article""<"                                                                                                                                                                                                                                                                        , "-->Tasks\PublicRelations\..WrittenMarketing..""Approaching the general public - Switching Earth On""..""Create a summary about ""Switching Earth On"" side of the project""..""Article""..""Review, give feedback""<"
 ,                                                                                                                                                , Blocked     , Bobi                         ,        , -->Tasks\Archive\PublicRelations\..WrittenMarketing..SwitchingEarthOn..SummaryAboutIt..Article..Publish<                                                                                                                                                                                                                                                                                           , 
 ,                                                                                                                                                , InProgress  ,                              ,        , -->Tasks\Archive\PublicRelations\..WrittenMarketing..SwitchingEarthOn..SummaryAboutIt..Video<                                                                                                                                                                                                                                                                                                      , 
 ,                                                                                                                                                , Done        , "Bobi, Hana, Gigi"           ,        , "-->Tasks\Archive\PublicRelations\..WrittenMarketing..SwitchingEarthOn..SummaryAboutIt..Video..""Do and record the first call""<"                                                                                                                                                                                                                                                                  , 
 ,                                                                                                                                                , TODO        , Bobi                         ,        , "-->Tasks\Archive\PublicRelations\..WrittenMarketing..SwitchingEarthOn..SummaryAboutIt..Video..""Review, give feedback""<"                                                                                                                                                                                                                                                                         , 
 ,                                                                                                                                                , TODO        , marketing                    ,        , "-->Tasks\Archive\PublicRelations\..WrittenMarketing..SwitchingEarthOn..SummaryAboutIt..Video..""Create strategy about what to do with it""<"                                                                                                                                                                                                                                                      , 
 ,                                                                                                                                                , Blocked     , Bobi                         ,        , "-->Tasks\Archive\PublicRelations\..WrittenMarketing..SwitchingEarthOn..SummaryAboutIt..Video..""Market the content""<"                                                                                                                                                                                                                                                                            , "-->Tasks\PublicRelations\..WrittenMarketing..""Approaching the general public - Switching Earth On""..""Create a summary about ""Switching Earth On"" side of the project""..""Video content about it""..""Create strategy about what to do with it""<"
 ,                                                                                                                                                ,             ,                              ,        , -->Tasks\Archive\PublicRelations\..VisualMarketing<                                                                                                                                                                                                                                                                                                                                                , 
 ,                                                                                                                                                ,             ,                              ,        , "-->Tasks\Archive\PublicRelations\..VisualMarketing..""Current Stage""<"                                                                                                                                                                                                                                                                                                                           , 
 ,                                                                                                                                                , Done        ,                              ,        , "-->Tasks\Archive\PublicRelations\..VisualMarketing..""Current Stage""..""Work on Topic 3 and 2 of the Mind Model""<"                                                                                                                                                                                                                                                                              , 
 , 2.5 hours                                                                                                                                      , Done        , Hana                         ,        , "-->Tasks\Archive\PublicRelations\..VisualMarketing..""Current Stage""..""Work on Topic 3 and 2 of the Mind Model""..""Create Task for the above""<"                                                                                                                                                                                                                                               , 
 , 30 min                                                                                                                                         , Done        , Bobi                         ,        , "-->Tasks\Archive\PublicRelations\..VisualMarketing..""Current Stage""..""Work on Topic 3 and 2 of the Mind Model""..""Review this task format""<"                                                                                                                                                                                                                                                 , 
 ,                                                                                                                                                , Done        , Hana                         ,        , "-->Tasks\Archive\PublicRelations\..VisualMarketing..""Current Stage""..""Work on Topic 3 and 2 of the Mind Model""..""Review this task format""..""Edit task format of the -->Tasks\PublicRelations\..VisualMarketing..""Current Stage""..""Work on Topic 3 and 2 of the Mind Model""<""<"                                                                                                        , 
 ,                                                                                                                                                , Done        , Bobi                         ,        , "-->Tasks\Archive\PublicRelations\..VisualMarketing..""Current Stage""..""Work on Topic 3 and 2 of the Mind Model""..""Review this task format""..""Discuss with the PM the changes in the StandUp""<"                                                                                                                                                                                             , 
 , 2 hours                                                                                                                                        , Done        , Bobi                         ,        , "-->Tasks\Archive\PublicRelations\..VisualMarketing..""Current Stage""..""Work on Topic 3 and 2 of the Mind Model""..Topic3KickoffSummary<"                                                                                                                                                                                                                                                        , 
 ,                                                                                                                                                , Done        , Bobi                         ,        , "-->Tasks\Archive\PublicRelations\..VisualMarketing..""Current Stage""..""Work on Topic 3 and 2 of the Mind Model""..Topic3KickoffSummary..""Read topic 3 & 2 and summarize the content""<"                                                                                                                                                                                                        , 
 ,                                                                                                                                                , Done        , Hana                         ,        , "-->Tasks\Archive\PublicRelations\..VisualMarketing..""Current Stage""..""Work on Topic 3 and 2 of the Mind Model""..Topic3KickoffSummary..""To be reviewed by PM""<"                                                                                                                                                                                                                              , 
 ,                                                                                                                                                , Done        , "Hana, Bobi"                 ,        , "-->Tasks\Archive\PublicRelations\..VisualMarketing..""Current Stage""..""Work on Topic 3 and 2 of the Mind Model""..Topic3KickoffSummary..""To be reviewed by PM""..""Discuss the amd follow up""<"                                                                                                                                                                                               , 
 ,                                                                                                                                                , Done        , "Hana, Bobi"                 ,        , "-->Tasks\Archive\PublicRelations\..VisualMarketing..""Current Stage""..""Work on Topic 3 and 2 of the Mind Model""..Topic3KickoffSummary..""To be reviewed by PM""..""Edit Topic 3 summary""<"                                                                                                                                                                                                    , 
 ,                                                                                                                                                , Done        , Hana                         ,        , "-->Tasks\Archive\PublicRelations\..VisualMarketing..""Current Stage""..""Work on Topic 3 and 2 of the Mind Model""..Topic3KickoffSummary..""To be reviewed by PM""..""Finalize Topic 3 summary""<"                                                                                                                                                                                                , 
 ,                                                                                                                                                , Done        , Bobi                         ,        , "-->Tasks\Archive\PublicRelations\..VisualMarketing..""Current Stage""..""Work on Topic 3 and 2 of the Mind Model""..Topic3KickoffSummary..""Add the summary to the folder $@https://drive.google.com/drive/folders/1gK_CQ9iibK-L0TRkTdB0FeEVrfFQK8XG?usp=drive_link@$""<"                                                                                                                         , 
 ,                                                                                                                                                , InProgress  ,                              ,        , "-->Tasks\Archive\PublicRelations\..VisualMarketing..""Current Stage""..""Release the kick-off video""<"                                                                                                                                                                                                                                                                                           , 
 ,                                                                                                                                                , Done        ,                              ,        , "-->Tasks\Archive\PublicRelations\..VisualMarketing..""Current Stage""..""Release the kick-off video""..""Upload the kick-off video to drive""<"                                                                                                                                                                                                                                                   , 
 ,                                                                                                                                                , Done        ,                              ,        , "-->Tasks\Archive\PublicRelations\..VisualMarketing..""Current Stage""..""Release the kick-off video""..""Transcribe using Whisper""<"                                                                                                                                                                                                                                                             , 
 ,                                                                                                                                                , Done        ,                              ,        , "-->Tasks\Archive\PublicRelations\..VisualMarketing..""Current Stage""..""Release the kick-off video""..""Categorize the kick-off video into topics""<"                                                                                                                                                                                                                                            , 
 ,                                                                                                                                                , Done        ,                              ,        , "-->Tasks\Archive\PublicRelations\..VisualMarketing..""Current Stage""..""Release the kick-off video""..""Categorize the kick-off video into topics""..""Draft the topics in VisualStudio code""<"                                                                                                                                                                                                 , 
 ,                                                                                                                                                , Done        ,                              ,        , "-->Tasks\Archive\PublicRelations\..VisualMarketing..""Current Stage""..""Release the kick-off video""..""Categorize the kick-off video into topics""..""Apply it in a google doc""<"                                                                                                                                                                                                              , 
 ,                                                                                                                                                , Done        ,                              ,        , "-->Tasks\Archive\PublicRelations\..VisualMarketing..""Current Stage""..""Release the kick-off video""..""Categorize the kick-off video into topics""..""Apply it in a google doc""..""Categorize the topics to sub topics""<"                                                                                                                                                                     , 
 ,                                                                                                                                                , Done        ,                              ,        , "-->Tasks\Archive\PublicRelations\..VisualMarketing..""Current Stage""..""Release the kick-off video""..""Categorize the kick-off video into topics""..""Apply it in a google doc""..""Add the timestamps about each topic and subtopic""<"                                                                                                                                                        , 
 ,                                                                                                                                                , Done        ,                              ,        , "-->Tasks\Archive\PublicRelations\..VisualMarketing..""Current Stage""..""Release the kick-off video""..""Categorize the kick-off video into topics""..""Apply it in a google doc""..""Fix the wording and errors in the transcript""<"                                                                                                                                                            , 
 ,                                                                                                                                                , Done        ,                              ,        , "-->Tasks\Archive\PublicRelations\..VisualMarketing..""Current Stage""..""Release the kick-off video""..""Categorize the kick-off video into topics""..""Apply it in a google doc""..""Fix the wording and errors in the transcript""..""Fix wording of thinkings part in the document""<"                                                                                                         , 
 ,                                                                                                                                                , Done        ,                              ,        , "-->Tasks\Archive\PublicRelations\..VisualMarketing..""Current Stage""..""Release the kick-off video""..""Categorize the kick-off video into topics""..""Apply it in a google doc""..""Fix the wording and errors in the transcript""..""Fix wording of thinkings part in the document""..""Topic TF2P""<"                                                                                         , 
 ,                                                                                                                                                , Done        ,                              ,        , "-->Tasks\Archive\PublicRelations\..VisualMarketing..""Current Stage""..""Release the kick-off video""..""Categorize the kick-off video into topics""..""Apply it in a google doc""..""Fix the wording and errors in the transcript""..""Fix wording of thinkings part in the document""..""Topic Summary""<"                                                                                      , 
 ,                                                                                                                                                , Done        ,                              ,        , "-->Tasks\Archive\PublicRelations\..VisualMarketing..""Current Stage""..""Release the kick-off video""..""Categorize the kick-off video into topics""..""Apply it in a google doc""..""Fix the wording and errors in the transcript""..""Fix wording of thinkings part in the document""..""Topic Conclusion and Intro to TF2P""<"                                                                 , 
 ,                                                                                                                                                , Done        ,                              ,        , "-->Tasks\Archive\PublicRelations\..VisualMarketing..""Current Stage""..""Release the kick-off video""..""Categorize the kick-off video into topics""..""Apply it in a google doc""..""Fix the wording and errors in the transcript""..""Fix wording of the love and sex part in the document""<"                                                                                                  , 
 ,                                                                                                                                                , Done        ,                              ,        , "-->Tasks\Archive\PublicRelations\..VisualMarketing..""Current Stage""..""Release the kick-off video""..""Categorize the kick-off video into topics""..""Review it with the team""<"                                                                                                                                                                                                               , 
 ,                                                                                                                                                , TODO        ,                              ,        , "-->Tasks\Archive\PublicRelations\..VisualMarketing..""Current Stage""..""Release the kick-off video""..""Categorize the kick-off video into topics""..""Create further explanations for certain parts""<"                                                                                                                                                                                         , 
 ,                                                                                                                                                , TODO        ,                              ,        , "-->Tasks\Archive\PublicRelations\..VisualMarketing..""Current Stage""..""Release the kick-off video""..""Categorize the kick-off video into topics""..""Create further explanations for certain parts""..""Create a document about it""<"                                                                                                                                                         , 
 ,                                                                                                                                                , TODO        ,                              ,        , "-->Tasks\Archive\PublicRelations\..VisualMarketing..""Current Stage""..""Release the kick-off video""..""Categorize the kick-off video into topics""..""Create further explanations for certain parts""..""If feasible, create further videos and edit them into the main one""<"                                                                                                                 , 
 ,                                                                                                                                                , TODO        ,                              ,        , "-->Tasks\Archive\PublicRelations\..VisualMarketing..""Current Stage""..""Release the kick-off video""..""Categorize the kick-off video into topics""..""Add it to the new official file under the DocsandArticle Folder""<"                                                                                                                                                                       , 
 ,                                                                                                                                                , Done        ,                              ,        , "-->Tasks\Archive\PublicRelations\..VisualMarketing..""Current Stage""..""Release the kick-off video""..""Categorize the kick-off video into topics""..""Cut the video into different topics - round1""<"                                                                                                                                                                                          , 
 ,                                                                                                                                                , Done        ,                              ,        , "-->Tasks\Archive\PublicRelations\..VisualMarketing..""Current Stage""..""Release the kick-off video""..""Categorize the kick-off video into topics""..""Cut the video into different topics - round1""..""Extract voice from the video""<"                                                                                                                                                        , 
 ,                                                                                                                                                , Done        ,                              ,        , "-->Tasks\Archive\PublicRelations\..VisualMarketing..""Current Stage""..""Release the kick-off video""..""Categorize the kick-off video into topics""..""Cut the video into different topics - round1""..""Add the voice that syncronize both videos""<"                                                                                                                                           , 
 ,                                                                                                                                                , Done        ,                              ,        , "-->Tasks\Archive\PublicRelations\..VisualMarketing..""Current Stage""..""Release the kick-off video""..""Categorize the kick-off video into topics""..""Cut the video into different topics - round1""..""Add the voice that syncronize both videos""..""Reduce noise using Audicity""<"                                                                                                          , 
 ,                                                                                                                                                , Done        ,                              ,        , "-->Tasks\Archive\PublicRelations\..VisualMarketing..""Current Stage""..""Release the kick-off video""..""Categorize the kick-off video into topics""..""Cut the video into different topics - round1""..""Add the voice that syncronize both videos""..""Add the audio file to Devinci""<"                                                                                                        , 
 ,                                                                                                                                                , Done        ,                              ,        , "-->Tasks\Archive\PublicRelations\..VisualMarketing..""Current Stage""..""Release the kick-off video""..""Categorize the kick-off video into topics""..""Cut the video into different topics - round1""..""Add the voice that syncronize both videos""..""Syncronize the processed audio file to the from camera kickoff video""<"                                                                 , 
 ,                                                                                                                                                , InProgress  ,                              ,        , "-->Tasks\Archive\PublicRelations\..VisualMarketing..""Current Stage""..""Release the kick-off video""..""Categorize the kick-off video into topics""..""Categorize the topics into what level of what to publish first""<"                                                                                                                                                                        , 
 ,                                                                                                                                                , InProgress  ,                              ,        , "-->Tasks\Archive\PublicRelations\..VisualMarketing..""Current Stage""..""Release the kick-off video""..""Categorize the kick-off video into topics""..""Categorize the topics into what level of what to publish first""..Topic2<"                                                                                                                                                                , 
 ,                                                                                                                                                , Done        ,                              ,        , "-->Tasks\Archive\PublicRelations\..VisualMarketing..""Current Stage""..""Release the kick-off video""..""Categorize the kick-off video into topics""..""Categorize the topics into what level of what to publish first""..Topic2..""Extract topic 2 from original video""<"                                                                                                                       , 
 ,                                                                                                                                                , Done        ,                              ,        , "-->Tasks\Archive\PublicRelations\..VisualMarketing..""Current Stage""..""Release the kick-off video""..""Categorize the kick-off video into topics""..""Categorize the topics into what level of what to publish first""..Topic2..""Add subtitles to topic 2 video""<"                                                                                                                            , 
 ,                                                                                                                                                , Done        ,                              ,        , "-->Tasks\Archive\PublicRelations\..VisualMarketing..""Current Stage""..""Release the kick-off video""..""Categorize the kick-off video into topics""..""Categorize the topics into what level of what to publish first""..Topic2..""Add subtitles to topic 2 video""..""Correct the subtitles manually""<"                                                                                        , 
 ,                                                                                                                                                , Done        ,                              ,        , "-->Tasks\Archive\PublicRelations\..VisualMarketing..""Current Stage""..""Release the kick-off video""..""Categorize the kick-off video into topics""..""Categorize the topics into what level of what to publish first""..Topic2..""Add subtitles to topic 2 video""..""Extract the .srt file""<"                                                                                                 , 
 ,                                                                                                                                                , Done        ,                              ,        , "-->Tasks\Archive\PublicRelations\..VisualMarketing..""Current Stage""..""Release the kick-off video""..""Categorize the kick-off video into topics""..""Categorize the topics into what level of what to publish first""..Topic2..""Add subtitles to topic 2 video""..""Correct the subtitles""<"                                                                                                 , 
 ,                                                                                                                                                , Cancelled   ,                              ,        , "-->Tasks\Archive\PublicRelations\..VisualMarketing..""Current Stage""..""Release the kick-off video""..""Categorize the kick-off video into topics""..""Categorize the topics into what level of what to publish first""..Topic2..""Add subtitles to topic 2 video""..""Correct the subtitles""..""Robi to do some experimenting whether something can be automated""<"                           , 
 ,                                                                                                                                                , Done        ,                              ,        , "-->Tasks\Archive\PublicRelations\..VisualMarketing..""Current Stage""..""Release the kick-off video""..""Categorize the kick-off video into topics""..""Categorize the topics into what level of what to publish first""..Topic2..""Add subtitles to topic 2 video""..""Correct the subtitles""..""Do the actual correction""<"                                                                   , 
 ,                                                                                                                                                , Paused      ,                              ,        , "-->Tasks\Archive\PublicRelations\..VisualMarketing..""Current Stage""..""Release the kick-off video""..""Categorize the kick-off video into topics""..""Categorize the topics into what level of what to publish first""..Topic2..""Add thought bubble on the side""<"                                                                                                                            , 
 ,                                                                                                                                                , Paused      ,                              ,        , "-->Tasks\Archive\PublicRelations\..VisualMarketing..""Current Stage""..""Release the kick-off video""..""Categorize the kick-off video into topics""..""Categorize the topics into what level of what to publish first""..Topic2..""Add thought bubble on the side""..""Add meaning of the term Vanilla @ 10>06""<"                                                                               , 
 ,                                                                                                                                                , Paused      ,                              ,        , "-->Tasks\Archive\PublicRelations\..VisualMarketing..""Current Stage""..""Release the kick-off video""..""Categorize the kick-off video into topics""..""Categorize the topics into what level of what to publish first""..Topic2..""Add thought bubble on the side""..""Add ones mentioned here""<"                                                                                               , 
 ,                                                                                                                                                ,             ,                              ,        , "-->Tasks\Archive\PublicRelations\..VisualMarketing..""Current Stage""..""Release the kick-off video""..""Categorize the kick-off video into topics""..""Categorize the topics into what level of what to publish first""..Topic2.Details..ERROR..ERROR<"                                                                                                                                          , 
 ,                                                                                                                                                ,             ,                              ,        , "-->Tasks\Archive\PublicRelations\..VisualMarketing..""Current Stage""..""Release the kick-off video""..""Categorize the kick-off video into topics""..""Categorize the topics into what level of what to publish first""..Topic2.Details..ERROR..ERROR<"                                                                                                                                          , 
 ,                                                                                                                                                , TODO        ,                              ,        , "-->Tasks\Archive\PublicRelations\..VisualMarketing..""Current Stage""..""Release the kick-off video""..""Categorize the kick-off video into topics""..""Create strategy""<"                                                                                                                                                                                                                       , 
 ,                                                                                                                                                , InProgress  ,                              ,        , "-->Tasks\Archive\PublicRelations\..VisualMarketing..""Current Stage""..""Release the kick-off video""..""Categorize the kick-off video into topics""..""Create strategy""..""Search for possible platform to publish""<"                                                                                                                                                                          , 
 ,                                                                                                                                                ,             ,                              ,        , "-->Tasks\Archive\PublicRelations\..VisualMarketing..""Current Stage""..""Release the kick-off video""..""Categorize the kick-off video into topics""..""Create strategy""..""Search for possible platform to publish"".Workspace..ERROR..ERROR<"                                                                                                                                                  , 
 ,                                                                                                                                                ,             ,                              ,        , "-->Tasks\Archive\PublicRelations\..VisualMarketing..""Current Stage""..""Release the kick-off video""..""Categorize the kick-off video into topics""..""Create strategy""..""Search for possible platform to publish"".Workspace..ERROR..ERROR.Platforms..ERROR..ERROR<"                                                                                                                          , 
 ,                                                                                                                                                ,             ,                              ,        , "-->Tasks\Archive\PublicRelations\..VisualMarketing..""Current Stage""..""Release the kick-off video""..""Categorize the kick-off video into topics""..""Create strategy""..""Search for possible platform to publish"".Workspace..ERROR..ERROR.Platforms..ERROR..ERROR<"                                                                                                                          , 
 ,                                                                                                                                                ,             ,                              ,        , "-->Tasks\Archive\PublicRelations\..VisualMarketing..""Current Stage""..""Release the kick-off video""..""Categorize the kick-off video into topics""..""Create strategy""..""Search for possible platform to publish"".Workspace..ERROR..ERROR.Platforms..ERROR..ERROR<"                                                                                                                          , 
 ,                                                                                                                                                ,             ,                              ,        , "-->Tasks\Archive\PublicRelations\..VisualMarketing..""Current Stage""..""Release the kick-off video""..""Categorize the kick-off video into topics""..""Create strategy""..""Search for possible platform to publish"".Workspace..ERROR..ERROR.Platforms..ERROR..ERROR<"                                                                                                                          , 
 ,                                                                                                                                                ,             ,                              ,        , "-->Tasks\Archive\PublicRelations\..VisualMarketing..""Current Stage""..""Release the kick-off video""..""Categorize the kick-off video into topics""..""Create strategy""..""Search for possible platform to publish"".Workspace..ERROR..ERROR.Platforms..ERROR..ERROR<"                                                                                                                          , 
 ,                                                                                                                                                ,             ,                              ,        , "-->Tasks\Archive\PublicRelations\..VisualMarketing..""Current Stage""..""Release the kick-off video""..""Categorize the kick-off video into topics""..""Create strategy""..""Search for possible platform to publish"".Workspace..ERROR..ERROR.Platforms..ERROR..ERROR.Patreon..ERROR..ERROR<"                                                                                                    , 
 ,                                                                                                                                                , TODO        , Hana                         ,        , "-->Tasks\Archive\PublicRelations\..VisualMarketing..""Current Stage""..""Release the kick-off video""..""Categorize the kick-off video into topics""..""Create strategy""..""Create baseline - just points""<"                                                                                                                                                                                    , 
 ,                                                                                                                                                , TODO        ,                              ,        , "-->Tasks\Archive\PublicRelations\..VisualMarketing..""Current Stage""..""Release the kick-off video""..""Categorize the kick-off video into topics""..""Create strategy""..""Work it out with Bobi""<"                                                                                                                                                                                            , 
 ,                                                                                                                                                , TODO        ,                              ,        , "-->Tasks\Archive\PublicRelations\..VisualMarketing..""Current Stage""..""Release the kick-off video""..""Categorize the kick-off video into topics""..""Create descriptions""<"                                                                                                                                                                                                                   , 
 ,                                                                                                                                                , TODO        ,                              ,        , "-->Tasks\Archive\PublicRelations\..VisualMarketing..""Current Stage""..""Release the kick-off video""..""Categorize the kick-off video into topics""..""Create descriptions""..""Baseline points from Hana""<"                                                                                                                                                                                    , 
 ,                                                                                                                                                , TODO        ,                              ,        , "-->Tasks\Archive\PublicRelations\..VisualMarketing..""Current Stage""..""Release the kick-off video""..""Categorize the kick-off video into topics""..""Create descriptions""..""Work it out with Bobi""<"                                                                                                                                                                                        , 
 ,                                                                                                                                                , NEXT        ,                              ,        , "-->Tasks\Archive\PublicRelations\..VisualMarketing..""Current Stage""..""Release the kick-off video""..""Release Retrospective Video""<"                                                                                                                                                                                                                                                          , 
 ,                                                                                                                                                , Blocked     ,                              ,        , "-->Tasks\Archive\PublicRelations\..VisualMarketing..""Current Stage""..""Release the kick-off video""..""Release Retrospective Video""..""Embed the videos to our website""<"                                                                                                                                                                                                                     , 
 ,                                                                                                                                                , Blocked     , Bobi                         ,        , "-->Tasks\Archive\PublicRelations\..VisualMarketing..""Current Stage""..""Release the kick-off video""..""Website Technicalities""<"                                                                                                                                                                                                                                                               , "-->Tasks\PublicRelations\..VisualMarketing..""Current Stage""..""Work on Topic 3 and 2 of the Mind Model""<"
 ,                                                                                                                                                , TODO        , Bobi                         ,        , "-->Tasks\Archive\PublicRelations\..VisualMarketing..""Current Stage""..""Release the kick-off video""..""Website Technicalities""..""Create a task to add Summary 2 and 3 to TF2P website""<"                                                                                                                                                                                                     , 
 ,                                                                                                                                                , TODO        , FrontendDeveloper            ,        , "-->Tasks\Archive\PublicRelations\..VisualMarketing..""Current Stage""..""Release the kick-off video""..""Website Technicalities""..""Create a page in the website that should serve as source of clip""<"                                                                                                                                                                                         , 
 ,                                                                                                                                                , InProgress  , "Bobi, Hana"                 ,        , "-->Tasks\Archive\PublicRelations\..VisualMarketing..""Current Stage""..DoStreamings<"                                                                                                                                                                                                                                                                                                             , 
 ,                                                                                                                                                , OnGoing     ,                              ,        , "-->Tasks\Archive\PublicRelations\..VisualMarketing..""Current Stage""..DoStreamings..Research<"                                                                                                                                                                                                                                                                                                   , 
 ,                                                                                                                                                , Done        , Hana                         ,        , "-->Tasks\Archive\PublicRelations\..VisualMarketing..""Current Stage""..DoStreamings..Research..""Research:_ platforms and methods""<"                                                                                                                                                                                                                                                             , 
 ,                                                                                                                                                , Done        , Hana                         ,        , "-->Tasks\Archive\PublicRelations\..VisualMarketing..""Current Stage""..DoStreamings..Research..""Research:_ can we record+stream and how?""<"                                                                                                                                                                                                                                                     , 
 ,                                                                                                                                                , OnGoing     ,                              ,        , "-->Tasks\Archive\PublicRelations\..VisualMarketing..""Current Stage""..DoStreamings..""Idea and topic development""<"                                                                                                                                                                                                                                                                             , 
 ,                                                                                                                                                , InProgress  ,                              ,        , "-->Tasks\Archive\PublicRelations\..VisualMarketing..""Current Stage""..DoStreamings..""Idea and topic development""..""Create the topics to be posted and questions to be asked""<"                                                                                                                                                                                                               , 
 ,                                                                                                                                                , Done        , marketing                    ,        , "-->Tasks\Archive\PublicRelations\..VisualMarketing..""Current Stage""..DoStreamings..""Idea and topic development""..GetGeneralIdeas<"                                                                                                                                                                                                                                                            , 
 ,                                                                                                                                                , Blocked     , marketing                    ,        , "-->Tasks\Archive\PublicRelations\..VisualMarketing..""Current Stage""..DoStreamings..""Idea and topic development""..GetGeneralIdeas..""For coding""<"                                                                                                                                                                                                                                            , "-->Tasks\PublicRelations\..VisualMarketing..""Current Stage""..""Do streamings""..""Stream""..""Do coding streaming""..""Create a summary about what we would be doing""<"
 ,                                                                                                                                                , TODO        ,                              ,        , "-->Tasks\Archive\PublicRelations\..VisualMarketing..""Current Stage""..DoStreamings..""Idea and topic development""..GetGeneralIdeas..""For planning meetings""<"                                                                                                                                                                                                                                 , 
 ,                                                                                                                                                , Blocked     , marketing                    ,        , "-->Tasks\Archive\PublicRelations\..VisualMarketing..""Current Stage""..DoStreamings..""Idea and topic development""..GetGeneralIdeas..""For standups""<"                                                                                                                                                                                                                                          , "-->Tasks\PublicRelations\..VisualMarketing..""Current Stage""..""Do streamings""..""Stream""..""Do StandUp streaming""..""Create a summary about what we would be doing""<"
 ,                                                                                                                                                , OnGoing     ,                              ,        , "-->Tasks\Archive\PublicRelations\..VisualMarketing..""Current Stage""..DoStreamings..Preparation<"                                                                                                                                                                                                                                                                                                , 
 ,                                                                                                                                                , InProgress  ,                              ,        , "-->Tasks\Archive\PublicRelations\..VisualMarketing..""Current Stage""..DoStreamings..Preparation..""Prepare Twitch Accounts""<"                                                                                                                                                                                                                                                                   , 
 ,                                                                                                                                                ,             ,                              ,        , "-->Tasks\Archive\PublicRelations\..VisualMarketing..""Current Stage""..DoStreamings..Preparation..""Prepare Twitch Accounts""..TF2P<"                                                                                                                                                                                                                                                             , 
 ,                                                                                                                                                ,             ,                              ,        , "-->Tasks\Archive\PublicRelations\..VisualMarketing..""Current Stage""..DoStreamings..Preparation..""Prepare Twitch Accounts""..Bobii42<"                                                                                                                                                                                                                                                          , 
 ,                                                                                                                                                , Done        ,                              ,        , "-->Tasks\Archive\PublicRelations\..VisualMarketing..""Current Stage""..DoStreamings..Preparation..""Prepare Twitch Accounts""..Bobii42..About<"                                                                                                                                                                                                                                                   , 
 ,                                                                                                                                                , TODO        ,                              ,        , "-->Tasks\Archive\PublicRelations\..VisualMarketing..""Current Stage""..DoStreamings..Preparation..""Prepare Twitch Accounts""..Bobii42..Boxes<"                                                                                                                                                                                                                                                   , 
 ,                                                                                                                                                , TODO        ,                              ,        , "-->Tasks\Archive\PublicRelations\..VisualMarketing..""Current Stage""..DoStreamings..Preparation..""Prepare Twitch Accounts""..Bobii42..Boxes..""Decide what topics""<"                                                                                                                                                                                                                           , 
 ,                                                                                                                                                , NEXT        ,                              ,        , "-->Tasks\Archive\PublicRelations\..VisualMarketing..""Current Stage""..DoStreamings..Preparation..""Prepare Twitch Accounts""..Bobii42..Boxes..""Workout the topics""<"                                                                                                                                                                                                                           , 
 ,                                                                                                                                                ,             ,                              ,        , "-->Tasks\Archive\PublicRelations\..VisualMarketing..""Current Stage""..DoStreamings..Preparation..""Prepare Twitch Accounts""..HanaK42<"                                                                                                                                                                                                                                                          , 
 ,                                                                                                                                                , Done        ,                              ,        , "-->Tasks\Archive\PublicRelations\..VisualMarketing..""Current Stage""..DoStreamings..Preparation..""Prepare Twitch Accounts""..HanaK42..About<"                                                                                                                                                                                                                                                   , 
 ,                                                                                                                                                , OnGoing     ,                              ,        , "-->Tasks\Archive\PublicRelations\..VisualMarketing..""Current Stage""..DoStreamings..Stream<"                                                                                                                                                                                                                                                                                                     , 
 ,                                                                                                                                                , TODO        ,                              ,        , "-->Tasks\Archive\PublicRelations\..VisualMarketing..""Current Stage""..DoStreamings..Stream..Coding<"                                                                                                                                                                                                                                                                                             , 
 ,                                                                                                                                                , TODO        , Bobi                         ,        , "-->Tasks\Archive\PublicRelations\..VisualMarketing..""Current Stage""..DoStreamings..Stream..Coding..CreateSummary<"                                                                                                                                                                                                                                                                              , 
 ,                                                                                                                                                , TODO        ,                              ,        , "-->Tasks\Archive\PublicRelations\..VisualMarketing..""Current Stage""..DoStreamings..Stream..Coding..PlanAndAdvertise<"                                                                                                                                                                                                                                                                           , 
 ,                                                                                                                                                , TODO        , marketing                    ,        , "-->Tasks\Archive\PublicRelations\..VisualMarketing..""Current Stage""..DoStreamings..Stream..Coding..PlanAndAdvertise..Plan<"                                                                                                                                                                                                                                                                     , 
 ,                                                                                                                                                , Blocked     , Hana                         ,        , "-->Tasks\Archive\PublicRelations\..VisualMarketing..""Current Stage""..DoStreamings..Stream..Coding..PlanAndAdvertise..Advertise<"                                                                                                                                                                                                                                                                , "-->Tasks\PublicRelations\..VisualMarketing..""Current Stage""..""Do streamings""..""Stream""..""Do coding streaming""..""Plan and advertise the first streaming""..""Plan the first streaming""<"
 ,                                                                                                                                                , Blocked     , Bobi                         ,        , "-->Tasks\Archive\PublicRelations\..VisualMarketing..""Current Stage""..DoStreamings..Stream..Coding..DoFirst<"                                                                                                                                                                                                                                                                                    , "-->Tasks\PublicRelations\..VisualMarketing..""Current Stage""..""Do streamings""..""Stream""..""Do coding streaming""..""Plan and advertise the first streaming""<, -->Tasks\PublicRelations\..VisualMarketing..""Current Stage""..""Do streamings""..""Stream""..""Do coding streaming""..""Create a summary about what we would be doing""<"
 ,                                                                                                                                                , Blocked     , Bobi                         ,        , "-->Tasks\Archive\PublicRelations\..VisualMarketing..""Current Stage""..DoStreamings..Stream..Coding..Placeholder<"                                                                                                                                                                                                                                                                                , "-->Tasks\PublicRelations\..VisualMarketing..""Current Stage""..""Do streamings""..""Stream""..""Do coding streaming""..""Do first streaming""<"
 ,                                                                                                                                                , TODO        ,                              ,        , "-->Tasks\Archive\PublicRelations\..VisualMarketing..""Current Stage""..DoStreamings..Stream..Standups<"                                                                                                                                                                                                                                                                                           , 
 ,                                                                                                                                                , InProgress  ,                              ,        , "-->Tasks\Archive\PublicRelations\..VisualMarketing..""Current Stage""..DoStreamings..Stream..ThoughtsOfMembers<"                                                                                                                                                                                                                                                                                  , 
 ,                                                                                                                                                , OnGoing     ,                              ,        , "-->Tasks\Archive\PublicRelations\..VisualMarketing..""Current Stage""..DoStreamings..Stream..ThoughtsOfMembers..""Stream on Friday about Successes and Failures""<"                                                                                                                                                                                                                               , 
 ,                                                                                                                                                , InProgress  , "Hana, Giselle"              ,        , "-->Tasks\Archive\PublicRelations\..VisualMarketing..""Current Stage""..DoStreamings..Stream..ThoughtsOfMembers..""Stream on Friday about Successes and Failures""..""Gather the subtopics/agenda in regards the topic""<"                                                                                                                                                                         , 
 ,                                                                                                                                                , Done        , Giselle                      ,        , "-->Tasks\Archive\PublicRelations\..VisualMarketing..""Current Stage""..DoStreamings..Stream..ThoughtsOfMembers..""Stream on Friday about Successes and Failures""..""Gather the subtopics/agenda in regards the topic""..""Collect the topics""<"                                                                                                                                                 , 
 ,                                                                                                                                                , Done        ,                              ,        , "-->Tasks\Archive\PublicRelations\..VisualMarketing..""Current Stage""..DoStreamings..Stream..ThoughtsOfMembers..""Stream on Friday about Successes and Failures""..""Gather the subtopics/agenda in regards the topic""..""Review it with the team""<"                                                                                                                                            , 
 ,                                                                                                                                                , TODO        ,                              ,        , "-->Tasks\Archive\PublicRelations\..VisualMarketing..""Current Stage""..DoStreamings..Stream..ThoughtsOfMembers..""Stream on Friday about Successes and Failures""..""Gather the subtopics/agenda in regards the topic""..""Advertise the streaming""<"                                                                                                                                            , 
 ,                                                                                                                                                , TODO        , Giselle                      ,        , "-->Tasks\Archive\PublicRelations\..VisualMarketing..""Current Stage""..DoStreamings..Stream..ThoughtsOfMembers..""Stream on Friday about Successes and Failures""..""Gather the subtopics/agenda in regards the topic""..""Advertise the streaming""..""Create the ad""<"                                                                                                                         , 
 ,                                                                                                                                                , TODO        ,                              ,        , "-->Tasks\Archive\PublicRelations\..VisualMarketing..""Current Stage""..DoStreamings..Stream..ThoughtsOfMembers..""Stream on Friday about Successes and Failures""..""Gather the subtopics/agenda in regards the topic""..""Advertise the streaming""..""Choose platforms to advertise""<"                                                                                                         , 
 ,                                                                                                                                                , TODO        ,                              ,        , "-->Tasks\Archive\PublicRelations\..VisualMarketing..""Current Stage""..DoStreamings..Stream..ThoughtsOfMembers..""Stream on Friday about Successes and Failures""..""Gather the subtopics/agenda in regards the topic""..""Advertise the streaming""..""Review with the team""<"                                                                                                                  , 
 ,                                                                                                                                                , TODO        , "Hana, Giselle"              ,        , "-->Tasks\Archive\PublicRelations\..VisualMarketing..""Current Stage""..DoStreamings..Stream..ThoughtsOfMembers..""Stream on Friday about Successes and Failures""..""Gather the subtopics/agenda in regards the topic""..""Advertise the streaming""..""Implement the ad""<"                                                                                                                      , 
 ,                                                                                                                                                , Done        , Gigi                         ,        , "-->Tasks\Archive\PublicRelations\..VisualMarketing..""Current Stage""..DoStreamings..Stream..ThoughtsOfMembers..""Stream on Friday about Successes and Failures""..""Answer the below""<"                                                                                                                                                                                                         , 
 ,                                                                                                                                                , Done        ,                              ,        , "-->Tasks\Archive\PublicRelations\..VisualMarketing..""Current Stage""..DoStreamings..Stream..ThoughtsOfMembers..""Stream on Friday about Successes and Failures""..""Answer the below""..""Let Hana know if you are fine with the chosen topics above""<"                                                                                                                                         , 
 ,                                                                                                                                                , Done        ,                              ,        , "-->Tasks\Archive\PublicRelations\..VisualMarketing..""Current Stage""..DoStreamings..Stream..ThoughtsOfMembers..""Stream on Friday about Successes and Failures""..""Answer the below""..""Read the -->Tasks\PublicRelations\..VisualMarketing..""Current Stage""..""Do streamings""..""Stream""..""Do thoughts and Tasks of the members""..""Stream on Friday about Successes and Failures""<""<", 
 ,                                                                                                                                                , Done        ,                              ,        , "-->Tasks\Archive\PublicRelations\..VisualMarketing..""Current Stage""..DoStreamings..Stream..ThoughtsOfMembers..""Stream on Friday about Successes and Failures""..""Answer the below""..""Contact the 2nd party of the stream and agree on the next action plans.""<"                                                                                                                            , 
 ,                                                                                                                                                , InProgress  ,                              ,        , "-->Tasks\Archive\PublicRelations\..VisualMarketing..""Current Stage""..DoStreamings..Stream..MindModel<"                                                                                                                                                                                                                                                                                          , 
 ,                                                                                                                                                , InProgress  , Bobi                         ,        , "-->Tasks\Archive\PublicRelations\..VisualMarketing..""Current Stage""..DoStreamings..Stream..Prepare<"                                                                                                                                                                                                                                                                                            , 
 ,                                                                                                                                                , InProgress  , Bobi                         ,        , "-->Tasks\Archive\PublicRelations\..VisualMarketing..""Current Stage""..DoStreamings..Stream..DoFirst<"                                                                                                                                                                                                                                                                                            , "-->Tasks\PublicRelations\..VisualMarketing..""Current Stage""..""Do streamings""..""Stream""..""Prepare""<"
 ,                                                                                                                                                , Done        , Bobi                         ,        , "-->Tasks\Archive\PublicRelations\..VisualMarketing..""Current Stage""..DoStreamings..Stream..DoFirst..DoInitial<"                                                                                                                                                                                                                                                                                 , 
 ,                                                                                                                                                , InProgress  , Hana                         ,        , "-->Tasks\Archive\PublicRelations\..VisualMarketing..""Current Stage""..DoStreamings..Stream..DoFirst..Process<"                                                                                                                                                                                                                                                                                   , 
 ,                                                                                                                                                , Done        , Hana                         ,        , "-->Tasks\Archive\PublicRelations\..VisualMarketing..""Current Stage""..DoStreamings..Stream..DoFirst..Process..""Download the videos to the GDrive""<"                                                                                                                                                                                                                                            , 
 ,                                                                                                                                                , Done        , Hana                         ,        , "-->Tasks\Archive\PublicRelations\..VisualMarketing..""Current Stage""..DoStreamings..Stream..DoFirst..Process..""Transcript the videos through whisper""<"                                                                                                                                                                                                                                        , 
 ,                                                                                                                                                , Done        , Bobi                         ,        , "-->Tasks\Archive\PublicRelations\..VisualMarketing..""Current Stage""..DoStreamings..Stream..DoFirst..Process..""Transcript the Audios through Whisper""<"                                                                                                                                                                                                                                        , 
 ,                                                                                                                                                , CurrentFocus, Hana                         ,        , "-->Tasks\Archive\PublicRelations\..VisualMarketing..""Current Stage""..DoStreamings..Stream..DoFirst..Process..""Create topics from the videos""<"                                                                                                                                                                                                                                                , 
 ,                                                                                                                                                , InProgress  , Hana                         ,        , "-->Tasks\Archive\PublicRelations\..VisualMarketing..""Current Stage""..DoStreamings..Stream..DoFirst..Process..""Create topics from the videos""..""Create Topics from MindModel/GOT Video""<"                                                                                                                                                                                                    , 
 ,                                                                                                                                                , TODO        , Hana                         ,        , "-->Tasks\Archive\PublicRelations\..VisualMarketing..""Current Stage""..DoStreamings..Stream..DoFirst..Process..CollectRecordingsTopicBased<"                                                                                                                                                                                                                                                      , 
 ,                                                                                                                                                , OnGoing     , All                          ,        , "-->Tasks\Archive\PublicRelations\..VisualMarketing..""Current Stage""..DoStreamings..Stream..DoFirst..Process..""Share the updates with Giselle on 20250922""<"                                                                                                                                                                                                                                   , 
 ,                                                                                                                                                , Done        , Hana                         ,        , "-->Tasks\Archive\PublicRelations\..VisualMarketing..""Current Stage""..DoStreamings..Stream..DoFirst..Process..""Create a meeting minutes notes for the meeting""<"                                                                                                                                                                                                                               , 
 ,                                                                                                                                                , TODO        , "Giselle, Hana"              ,        , "-->Tasks\Archive\PublicRelations\..VisualMarketing..""Current Stage""..DoStreamings..Stream..DoFirst..Process..""Review the material and and Analyse""<"                                                                                                                                                                                                                                          , 
 ,                                                                                                                                                , TODO        , All                          ,        , "-->Tasks\Archive\PublicRelations\..VisualMarketing..""Current Stage""..DoStreamings..Stream..DoFirst..Process..""Review with the team the analysis and conclusion""<"                                                                                                                                                                                                                             , 
 ,                                                                                                                                                , TODO        , "Hana, Bobi"                 ,        , "-->Tasks\Archive\PublicRelations\..VisualMarketing..""Current Stage""..DoStreamings..Stream..DoFirst..""Create a process for publishing""<"                                                                                                                                                                                                                                                       , 
 ,                                                                                                                                                , InProgress  , Bobi                         ,        , "-->Tasks\Archive\PublicRelations\..VisualMarketing..""Current Stage""..DoStreamings..Stream..""Placeholder for further tasks""<"                                                                                                                                                                                                                                                                  , "-->Tasks\PublicRelations\..VisualMarketing..""Current Stage""..""Do streamings""..""Stream""..""Prepare""<"
 ,                                                                                                                                                , Blocked     , Hana                         ,        , "-->Tasks\Archive\PublicRelations\..VisualMarketing..""Current Stage""..Advertise<"                                                                                                                                                                                                                                                                                                                , "-->Tasks\PublicRelations\..WrittenMarketing..""Go through the existing material (articles, etc.) and share it with the current team""<"
 ,                                                                                                                                                ,             ,                              ,        , "-->Tasks\Archive\PublicRelations\..VisualMarketing..""Next stage""<"                                                                                                                                                                                                                                                                                                                              , 
 ,                                                                                                                                                , TODO        , Bobi                         ,        , "-->Tasks\Archive\PublicRelations\..VisualMarketing..""Next stage""..GoThroughMaterial<"                                                                                                                                                                                                                                                                                                           , 
 ,                                                                                                                                                , TODO        , Hana                         ,        , "-->Tasks\Archive\PublicRelations\..VisualMarketing..""Next stage""..GoThroughMaterial..""Organize the folders and files""<"                                                                                                                                                                                                                                                                       , 
 ,                                                                                                                                                , Blocked     , Hana                         ,        , "-->Tasks\Archive\PublicRelations\..VisualMarketing..""Next stage""..GoThroughMaterial..OrganizeRecordings<"                                                                                                                                                                                                                                                                                       , "-->Tasks\PublicRelations\..VisualMarketing..""Next stage""..""Go through the existing material and share it with the current team""..""Organize the folders and files""<"
 ,                                                                                                                                                , TODO        , All                          ,        , "-->Tasks\Archive\PublicRelations\..VisualMarketing..""Next stage""..AdvertiseOnXEtc<"                                                                                                                                                                                                                                                                                                             , "-->Tasks\PublicRelations\..WrittenMarketing..""Go through the existing material (articles, etc.) and share it with the current team""<"
 ,                                                                                                                                                , TODO        , marketing                    ,        , "-->Tasks\Archive\PublicRelations\..VisualMarketing..""Next stage""..AdvertiseOnXEtc..""Research where videos with the same sort can be published""<"                                                                                                                                                                                                                                              , 
 ,                                                                                                                                                , TODO        , Hana                         ,        , "-->Tasks\Archive\PublicRelations\..VisualMarketing..""Next stage""..AdvertiseOnXEtc..VideoPublish<"                                                                                                                                                                                                                                                                                               , 
 ,                                                                                                                                                , TODO        , marketing                    ,        , "-->Tasks\Archive\PublicRelations\..VisualMarketing..""Next stage""..AdvertiseOnXEtc..VideoPublish..""Watch and analyze the video""<"                                                                                                                                                                                                                                                              , 
 ,                                                                                                                                                , Blocked     , marketing                    ,        , "-->Tasks\Archive\PublicRelations\..VisualMarketing..""Next stage""..AdvertiseOnXEtc..VideoPublish..""Any next steps based on the analysis""<"                                                                                                                                                                                                                                                     , "-->Tasks\PublicRelations\..VisualMarketing..""Next stage""..""Advertise the clips to different platform; linkedIn, X, Youtube""..""Publish the 20250818 video about motivation""..""Watch and analyze the video""<"
 ,                                                                                                                                                , TODO        , Hana                         ,        , "-->Tasks\Archive\PublicRelations\..VisualMarketing..""Next stage""..AdvertiseOnXEtc..""Publish Summary of switching earth on""<"                                                                                                                                                                                                                                                                  , 
 ,                                                                                                                                                , TODO        , marketing                    ,        , "-->Tasks\Archive\PublicRelations\..VisualMarketing..""Next stage""..AdvertiseOnXEtc..""Publish Summary of switching earth on""..""Watch and analyze the video""<"                                                                                                                                                                                                                                 , 
 ,                                                                                                                                                , Blocked     , marketing                    ,        , "-->Tasks\Archive\PublicRelations\..VisualMarketing..""Next stage""..AdvertiseOnXEtc..""Publish Summary of switching earth on""..""Any next steps based on the analysis""<"                                                                                                                                                                                                                        , "-->Tasks\PublicRelations\..VisualMarketing..""Next stage""..""Advertise the clips to different platform; linkedIn, X, Youtube""..""Publish Summary of switching earth on""..""Watch and analyze the video""<"
 ,                                                                                                                                                , TODO        ,                              ,        , "-->Tasks\Archive\PublicRelations\..VisualMarketing..""Next stage""..CreatePosts<"                                                                                                                                                                                                                                                                                                                 , 
 ,                                                                                                                                                , InProgress  ,                              ,        , "-->Tasks\Archive\PublicRelations\..VisualMarketing..""Next stage""..CreatePosts..""Search the potential platform for posts""<"                                                                                                                                                                                                                                                                    , 
 ,                                                                                                                                                ,             ,                              ,        , "-->Tasks\Archive\PublicRelations\..VisualMarketing..""Next stage""..CreatePosts..""Search the potential platform for posts"".Workspace..ERROR..ERROR<"                                                                                                                                                                                                                                            , 
 ,                                                                                                                                                ,             ,                              ,        , "-->Tasks\Archive\PublicRelations\..VisualMarketing..""Next stage""..CreatePosts..""Search the potential platform for posts"".Workspace..ERROR..ERROR.X..ERROR..ERROR<"                                                                                                                                                                                                                            , 
 ,                                                                                                                                                ,             ,                              ,        , "-->Tasks\Archive\PublicRelations\..VisualMarketing..""Next stage""..CreatePosts..""Search the potential platform for posts"".Workspace..ERROR..ERROR.X..ERROR..ERROR<"                                                                                                                                                                                                                            , 
 ,                                                                                                                                                ,             ,                              ,        , "-->Tasks\Archive\PublicRelations\..VisualMarketing..""Next stage""..CreatePosts..""Search the potential platform for posts"".Workspace..ERROR..ERROR<"                                                                                                                                                                                                                                            , 
 ,                                                                                                                                                ,             ,                              ,        , "-->Tasks\Archive\PublicRelations\..VisualMarketing..""Next stage""..CreatePosts..""Search the potential platform for posts"".Workspace..ERROR..ERROR<"                                                                                                                                                                                                                                            , 
 ,                                                                                                                                                ,             ,                              ,        , "-->Tasks\Archive\PublicRelations\..VisualMarketing..""Next stage""..CreatePosts..""Search the potential platform for posts"".Workspace..ERROR..ERROR<"                                                                                                                                                                                                                                            , 
 ,                                                                                                                                                ,             ,                              ,        , "-->Tasks\Archive\PublicRelations\..VisualMarketing..""Next stage""..CreatePosts..""Search the potential platform for posts"".Workspace..ERROR..ERROR<"                                                                                                                                                                                                                                            , 
 ,                                                                                                                                                , TODO        ,                              ,        , "-->Tasks\Archive\PublicRelations\..VisualMarketing..""Next stage""..Animations<"                                                                                                                                                                                                                                                                                                                  , 
 ,                                                                                                                                                , TODO        ,                              ,        , "-->Tasks\Archive\PublicRelations\..VisualMarketing..""Next stage""..Animations..""Computed management vs. hierarchical""<"                                                                                                                                                                                                                                                                        , 
 ,                                                                                                                                                , TODO        , Bobi                         ,        , "-->Tasks\Archive\PublicRelations\..VisualMarketing..""Next stage""..Animations..""Computed management vs. hierarchical""..CreateStoryBoard<"                                                                                                                                                                                                                                                      , 
 ,                                                                                                                                                , Blocked     , Hana                         ,        , "-->Tasks\Archive\PublicRelations\..VisualMarketing..""Next stage""..Animations..ContactAnket<"                                                                                                                                                                                                                                                                                                    , "-->Tasks\PublicRelations\..VisualMarketing..""Next stage""..""Create animations""..""Computed management vs. hierarchical""..""Create the story Board / Idea of the animation""<"
 ,                                                                                                                                                , Blocked     , Bobi                         ,        , "-->Tasks\Archive\PublicRelations\..VisualMarketing..""Next stage""..Animations..SearchForAnimators<"                                                                                                                                                                                                                                                                                              , 
 ,                                                                                                                                                ,             ,                              ,        , -->Tasks\Archive\PublicRelations\..InPersonMarketing<                                                                                                                                                                                                                                                                                                                                              , 
 ,                                                                                                                                                , OnGoing     , All                          ,        , "-->Tasks\Archive\PublicRelations\..InPersonMarketing..""Attend MeetUp or events in Budapest and nearby; we can join meetups and talk to people""<"                                                                                                                                                                                                                                                , 
 ,                                                                                                                                                , InProgress  ,                              ,        , "-->Tasks\Archive\PublicRelations\..InPersonMarketing..""Attend MeetUp or events in Budapest and nearby; we can join meetups and talk to people""..""Potential thinkers""<"                                                                                                                                                                                                                        , 
 ,                                                                                                                                                , Done        , "Giselle, Hana"              ,        , "-->Tasks\Archive\PublicRelations\..InPersonMarketing..""Organize Girls night""<"                                                                                                                                                                                                                                                                                                                  , 
 ,                                                                                                                                                ,             ,                              ,        , -->Tasks\Archive\PublicRelations\..CollectMarketingIdeas<                                                                                                                                                                                                                                                                                                                                          , 
 ,                                                                                                                                                , InProgress  ,                              ,        , -->Tasks\Archive\PublicRelations\..CollectMarketingIdeas..WorkOutAndExecute<                                                                                                                                                                                                                                                                                                                       , 
 ,                                                                                                                                                , InProgress  , marketing                    ,        , "-->Tasks\Archive\PublicRelations\..CollectMarketingIdeas..WorkOutAndExecute..""Create baseline""<"                                                                                                                                                                                                                                                                                                , 
 ,                                                                                                                                                , Done        , marketing                    ,        , "-->Tasks\Archive\PublicRelations\..CollectMarketingIdeas..WorkOutAndExecute..""Create baseline""..""Collect and review the baseline ideas with the team""<"                                                                                                                                                                                                                                       , 
 ,                                                                                                                                                , TODO        , marketing                    ,        , "-->Tasks\Archive\PublicRelations\..CollectMarketingIdeas..WorkOutAndExecute..""Create baseline""..CreateRoughPlan<"                                                                                                                                                                                                                                                                               , 
 ,                                                                                                                                                , Blocked     , all                          ,        , -->Tasks\Archive\PublicRelations\..CollectMarketingIdeas..WorkOutAndExecute..Review<                                                                                                                                                                                                                                                                                                               , "-->Tasks\PublicRelations\..""Collect Outreach ideas""..""Work out and execute marketing strategy""..""Create baseline""<"
 ,                                                                                                                                                , Blocked     , pms                          ,        , "-->Tasks\Archive\PublicRelations\..CollectMarketingIdeas..WorkOutAndExecute..""Taskify and prioritize""<"                                                                                                                                                                                                                                                                                         , "-->Tasks\PublicRelations\..""Collect Outreach ideas""..""Work out and execute marketing strategy""..""Review""<"
 ,                                                                                                                                                , Blocked     , marketing                    ,        , -->Tasks\Archive\PublicRelations\..CollectMarketingIdeas..WorkOutAndExecute..Execute<                                                                                                                                                                                                                                                                                                              , "-->Tasks\PublicRelations\..""Collect Outreach ideas""..""Work out and execute marketing strategy""..""Taskify and prioritize""<"
 ,                                                                                                                                                , Done        , marketing                    ,        , "-->Tasks\Archive\PublicRelations\..CollectMarketingIdeas..""Create marketing execution plan as of 20250819""<"                                                                                                                                                                                                                                                                                    , 
 ,                                                                                                                                                , Done        , Gigi                         ,        , -->Tasks\Archive\PublicRelations\..CollectMarketingIdeas..GMarketingIdeas<                                                                                                                                                                                                                                                                                                                         , 
 ,                                                                                                                                                , OnHold      ,                              ,        , -->Tasks\Archive\PublicRelations\..CollectMarketingIdeas..2ndReviewers<                                                                                                                                                                                                                                                                                                                            , 
 , "[ [ 1h, timeboxed ] ]\n"                                                                                                                      , Done        , "Bobi, Hana"                 ,        , "-->Tasks\Archive\PublicRelations\..CollectMarketingIdeas..2ndReviewers..""Create Requirement for this Task dilitdisword""<"                                                                                                                                                                                                                                                                       , 
 ,                                                                                                                                                , InProgress  ,                              ,        , -->Tasks\Archive\PublicRelations\..CollectMarketingIdeas..2ndReviewers..Podcasts<                                                                                                                                                                                                                                                                                                                  , 
 ,                                                                                                                                                , OnGoing     ,                              ,        , "-->Tasks\Archive\PublicRelations\..CollectMarketingIdeas..2ndReviewers..Podcasts..""Iteratively work out, shoot, review, do q&a recording""<"                                                                                                                                                                                                                                                     , 
 ,                                                                                                                                                , OnGoing     , Bobi                         ,        , "-->Tasks\Archive\PublicRelations\..CollectMarketingIdeas..2ndReviewers..Podcasts..""Iteratively work out, shoot, review, do q&a recording""..""Create a structure about each topic""<"                                                                                                                                                                                                            , 
 ,                                                                                                                                                , Done        ,                              ,        , "-->Tasks\Archive\PublicRelations\..CollectMarketingIdeas..2ndReviewers..Podcasts..""Iteratively work out, shoot, review, do q&a recording""..""Create a structure about each topic""..""Create the structure about the most important topics""<"                                                                                                                                                  , 
 ,                                                                                                                                                , Done        , Bobi                         ,        , "-->Tasks\Archive\PublicRelations\..CollectMarketingIdeas..2ndReviewers..Podcasts..""Iteratively work out, shoot, review, do q&a recording""..""Create a structure about each topic""..""Create the structure about the most important topics""..""Develop the ""Core summary - of what we are doing"" topic structure baseline""<"                                                                , 
 ,                                                                                                                                                , OnGoing     ,                              ,        , "-->Tasks\Archive\PublicRelations\..CollectMarketingIdeas..2ndReviewers..Podcasts..""Iteratively work out, shoot, review, do q&a recording""..""Do structure reviews""<"                                                                                                                                                                                                                           , 
 ,                                                                                                                                                , OnGoing     ,                              ,        , "-->Tasks\Archive\PublicRelations\..CollectMarketingIdeas..2ndReviewers..Podcasts..""Iteratively work out, shoot, review, do q&a recording""..""Reshoot the topics with just Hana first""<"                                                                                                                                                                                                        , 
 ,                                                                                                                                                , Done        ,                              ,        , "-->Tasks\Archive\PublicRelations\..CollectMarketingIdeas..2ndReviewers..Podcasts..""Iteratively work out, shoot, review, do q&a recording""..""Reshoot the topics with just Hana first""..""Reshoot the ""Main"" podcast - Trial5""<"                                                                                                                                                             , 
 ,                                                                                                                                                , Done        ,                              ,        , "-->Tasks\Archive\PublicRelations\..CollectMarketingIdeas..2ndReviewers..Podcasts..""Iteratively work out, shoot, review, do q&a recording""..""Reshoot the topics with just Hana first""..""Reshoot the ""Main"" podcast - Baseline1""<"                                                                                                                                                          , 
 ,                                                                                                                                                , OnGoing     ,                              ,        , "-->Tasks\Archive\PublicRelations\..CollectMarketingIdeas..2ndReviewers..Podcasts..""Iteratively work out, shoot, review, do q&a recording""..""Do video reviews""<"                                                                                                                                                                                                                               , 
 ,                                                                                                                                                , Done        ,                              ,        , "-->Tasks\Archive\PublicRelations\..CollectMarketingIdeas..2ndReviewers..Podcasts..""Iteratively work out, shoot, review, do q&a recording""..""Do video reviews""..""Analyze the Trial 5 video""<"                                                                                                                                                                                                , 
 ,                                                                                                                                                , Done        ,                              ,        , "-->Tasks\Archive\PublicRelations\..CollectMarketingIdeas..2ndReviewers..Podcasts..""Iteratively work out, shoot, review, do q&a recording""..""Do video reviews""..""Analyze the Trial 5 video""..""10 Make transcription; proper one""<"                                                                                                                                                         , 
 ,                                                                                                                                                , Done        ,                              ,        , "-->Tasks\Archive\PublicRelations\..CollectMarketingIdeas..2ndReviewers..Podcasts..""Iteratively work out, shoot, review, do q&a recording""..""Do video reviews""..""Analyze the Trial 5 video""..""10 Make transcription; proper one""..""00 Make the transcription""<"                                                                                                                          , 
 ,                                                                                                                                                , Cancelled   ,                              ,        , "-->Tasks\Archive\PublicRelations\..CollectMarketingIdeas..2ndReviewers..Podcasts..""Iteratively work out, shoot, review, do q&a recording""..""Do video reviews""..""Analyze the Trial 5 video""..""10 Make transcription; proper one""..""10 Make it into a formatted ""script""""<"                                                                                                             , 
 ,                                                                                                                                                , Cancelled   ,                              ,        , "-->Tasks\Archive\PublicRelations\..CollectMarketingIdeas..2ndReviewers..Podcasts..""Iteratively work out, shoot, review, do q&a recording""..""Do video reviews""..""Analyze the Trial 5 video""..""10 Make transcription; proper one""..""20 One where the umm and everything is there""<"                                                                                                       , 
 ,                                                                                                                                                , Cancelled   ,                              ,        , "-->Tasks\Archive\PublicRelations\..CollectMarketingIdeas..2ndReviewers..Podcasts..""Iteratively work out, shoot, review, do q&a recording""..""Do video reviews""..""Analyze the Trial 5 video""..""10 Make transcription; proper one""..""30 One where these are removed""<"                                                                                                                     , 
 ,                                                                                                                                                , Cancelled   ,                              ,        , "-->Tasks\Archive\PublicRelations\..CollectMarketingIdeas..2ndReviewers..Podcasts..""Iteratively work out, shoot, review, do q&a recording""..""Do video reviews""..""Analyze the Trial 5 video""..""10 Make transcription; proper one""..""40 Organize the content into parts""<"                                                                                                                 , 
 ,                                                                                                                                                , Done        ,                              ,        , "-->Tasks\Archive\PublicRelations\..CollectMarketingIdeas..2ndReviewers..Podcasts..""Iteratively work out, shoot, review, do q&a recording""..""Do video reviews""..""Analyze the Baseline video""<"                                                                                                                                                                                               , 
 ,                                                                                                                                                , Done        ,                              ,        , "-->Tasks\Archive\PublicRelations\..CollectMarketingIdeas..2ndReviewers..Podcasts..""Iteratively work out, shoot, review, do q&a recording""..""Do video reviews""..""Analyze the Baseline video""..""10 Make transcription; proper one""<"                                                                                                                                                        , 
 ,                                                                                                                                                , Done        ,                              ,        , "-->Tasks\Archive\PublicRelations\..CollectMarketingIdeas..2ndReviewers..Podcasts..""Iteratively work out, shoot, review, do q&a recording""..""Do video reviews""..""Analyze the Baseline video""..""10 Make transcription; proper one""..""00 Make the transcription""<"                                                                                                                         , 
 ,                                                                                                                                                , Done        ,                              ,        , "-->Tasks\Archive\PublicRelations\..CollectMarketingIdeas..2ndReviewers..Podcasts..""Iteratively work out, shoot, review, do q&a recording""..""Do video reviews""..""Analyze the Baseline video""..""10 Make transcription; proper one""..""10 Organize the content into parts""<"                                                                                                                , 
 ,                                                                                                                                                , OnGoing     ,                              ,        , "-->Tasks\Archive\PublicRelations\..CollectMarketingIdeas..2ndReviewers..Podcasts..""Iteratively work out, shoot, review, do q&a recording""..""Cut together some uploadable video""<"                                                                                                                                                                                                             , 
 ,                                                                                                                                                , Done        ,                              ,        , "-->Tasks\Archive\PublicRelations\..CollectMarketingIdeas..2ndReviewers..Podcasts..""Iteratively work out, shoot, review, do q&a recording""..""Cut together some uploadable video""..""Cut together the baseline ""Main"" video""<"                                                                                                                                                               , 
 ,                                                                                                                                                , InProgress  ,                              ,        , -->Tasks\Archive\PublicRelations\..CollectMarketingIdeas..2ndReviewers..Website<                                                                                                                                                                                                                                                                                                                   , 
 ,                                                                                                                                                , Done        ,                              ,        , "-->Tasks\Archive\PublicRelations\..CollectMarketingIdeas..2ndReviewers..Website..""Review and plan""<"                                                                                                                                                                                                                                                                                            , 
 ,                                                                                                                                                , Done        ,                              ,        , "-->Tasks\Archive\PublicRelations\..CollectMarketingIdeas..2ndReviewers..Website..""Review and plan""..""Plan content""<"                                                                                                                                                                                                                                                                          , 
 , 30m                                                                                                                                            , Done        , Bobi                         ,        , "-->Tasks\Archive\PublicRelations\..CollectMarketingIdeas..2ndReviewers..Website..""Review and plan""..""Plan content""..""Create baseline""<"                                                                                                                                                                                                                                                     , 
 ,                                                                                                                                                , Done        ,                              ,        , -->Tasks\Archive\PublicRelations\..CollectMarketingIdeas..2ndReviewers..Website..PlanDailyStandupPublish<                                                                                                                                                                                                                                                                                          , 
 ,                                                                                                                                                , Done        ,                              ,        , "-->Tasks\Archive\PublicRelations\..CollectMarketingIdeas..2ndReviewers..Website..PlanDailyStandupPublish..""Create a method with which we can regularly do it""<"                                                                                                                                                                                                                                 , 
 ,                                                                                                                                                , InProgress  ,                              ,        , -->Tasks\Archive\PublicRelations\..CollectMarketingIdeas..2ndReviewers..SocialMedia<                                                                                                                                                                                                                                                                                                               , 
 ,                                                                                                                                                , Done        ,                              ,        , "-->Tasks\Archive\PublicRelations\..CollectMarketingIdeas..2ndReviewers..SocialMedia..""Create TF2P channels in the respective platforms""<"                                                                                                                                                                                                                                                       , 
 ,                                                                                                                                                , Done        ,                              ,        , "-->Tasks\Archive\PublicRelations\..CollectMarketingIdeas..2ndReviewers..SocialMedia..""Create TF2P channels in the respective platforms""..X<"                                                                                                                                                                                                                                                    , 
 ,                                                                                                                                                , Done        ,                              ,        , "-->Tasks\Archive\PublicRelations\..CollectMarketingIdeas..2ndReviewers..SocialMedia..""Create TF2P channels in the respective platforms""..9Gag<"                                                                                                                                                                                                                                                 , 
 ,                                                                                                                                                , Done        ,                              ,        , "-->Tasks\Archive\PublicRelations\..CollectMarketingIdeas..2ndReviewers..SocialMedia..""Create TF2P channels in the respective platforms""..Reddit<"                                                                                                                                                                                                                                               , 
 ,                                                                                                                                                , Done        ,                              ,        , "-->Tasks\Archive\PublicRelations\..CollectMarketingIdeas..2ndReviewers..SocialMedia..""Create TF2P channels in the respective platforms""..Thread<"                                                                                                                                                                                                                                               , 
 ,                                                                                                                                                , Done        ,                              ,        , "-->Tasks\Archive\PublicRelations\..CollectMarketingIdeas..2ndReviewers..SocialMedia..""Create TF2P channels in the respective platforms""..Instagram<"                                                                                                                                                                                                                                            , 
 ,                                                                                                                                                , Done        ,                              ,        , "-->Tasks\Archive\PublicRelations\..CollectMarketingIdeas..2ndReviewers..SocialMedia..""Create TF2P channels in the respective platforms""..Facebook<"                                                                                                                                                                                                                                             , 
 ,                                                                                                                                                , Done        ,                              ,        , "-->Tasks\Archive\PublicRelations\..CollectMarketingIdeas..2ndReviewers..SocialMedia..""Create TF2P channels in the respective platforms""..LinkedIn<"                                                                                                                                                                                                                                             , 
 ,                                                                                                                                                , Done        ,                              ,        , "-->Tasks\Archive\PublicRelations\..CollectMarketingIdeas..2ndReviewers..SocialMedia..""Activate the LinkedIn of the members""<"                                                                                                                                                                                                                                                                   , 
 ,                                                                                                                                                , Done        ,                              ,        , "-->Tasks\Archive\PublicRelations\..CollectMarketingIdeas..2ndReviewers..SocialMedia..""Activate the LinkedIn of the members""..""Gather the tasks and roles of the members""<"                                                                                                                                                                                                                    , 
 ,                                                                                                                                                , TODO        ,                              ,        , "-->Tasks\Archive\PublicRelations\..CollectMarketingIdeas..2ndReviewers..SocialMedia..""Activate the LinkedIn of the members""..""Confirm it with the members ( meetings or emails)""<"                                                                                                                                                                                                            , 
 ,                                                                                                                                                , TODO        ,                              ,        , "-->Tasks\Archive\PublicRelations\..CollectMarketingIdeas..2ndReviewers..SocialMedia..""Activate the LinkedIn of the members""..""Add the tasks and roles to the respective LinkedIn account""<"                                                                                                                                                                                                   , 
 ,                                                                                                                                                , TODO        ,                              ,        , "-->Tasks\Archive\PublicRelations\..CollectMarketingIdeas..2ndReviewers..SocialMedia..""Activate the LinkedIn of the members""..""Recommendation ( To be discussed with members)""<"                                                                                                                                                                                                               , 
 ,                                                                                                                                                , TODO        ,                              ,        , "-->Tasks\Archive\PublicRelations\..CollectMarketingIdeas..2ndReviewers..SocialMedia..""Link members social media with each other including the Dummy accounts""<"                                                                                                                                                                                                                                 , 
 ,                                                                                                                                                , InProgress  ,                              ,        , "-->Tasks\Archive\PublicRelations\..CollectMarketingIdeas..2ndReviewers..""Update the roles""<"                                                                                                                                                                                                                                                                                                    , 
 ,                                                                                                                                                , InProgress  ,                              ,        , "-->Tasks\Archive\PublicRelations\..CollectMarketingIdeas..2ndReviewers..""Update the roles""..""Update linkedIn roles""<"                                                                                                                                                                                                                                                                         , 
 ,                                                                                                                                                , Done        ,                              ,        , "-->Tasks\Archive\PublicRelations\..CollectMarketingIdeas..2ndReviewers..""Update the roles""..""Update linkedIn roles""..Robert<"                                                                                                                                                                                                                                                                 , 
 ,                                                                                                                                                , Done        ,                              ,        , "-->Tasks\Archive\PublicRelations\..CollectMarketingIdeas..2ndReviewers..""Update the roles""..""Update linkedIn roles""..Hana<"                                                                                                                                                                                                                                                                   , 
 ,                                                                                                                                                , TODO        ,                              ,        , "-->Tasks\Archive\PublicRelations\..CollectMarketingIdeas..2ndReviewers..""Update the roles""..""Update linkedIn roles""..Gaurav<"                                                                                                                                                                                                                                                                 , 
 ,                                                                                                                                                , TODO        , Gaurav                       ,        , "-->Tasks\Archive\PublicRelations\..CollectMarketingIdeas..2ndReviewers..""Update the roles""..""Update linkedIn roles""..Gaurav..Skills<"                                                                                                                                                                                                                                                         , 
 ,                                                                                                                                                , TODO        , Shadow                       ,        , "-->Tasks\Archive\PublicRelations\..CollectMarketingIdeas..2ndReviewers..""Update the roles""..""Update linkedIn roles""..Utkarsh<"                                                                                                                                                                                                                                                                , 
 ,                                                                                                                                                , InProgress  ,                              ,        , "-->Tasks\Archive\PublicRelations\..CollectMarketingIdeas..2ndReviewers..""Audience round 1""<"                                                                                                                                                                                                                                                                                                    , 
 ,                                                                                                                                                ,             ,                              ,        , -->Tasks\Documents\<                                                                                                                                                                                                                                                                                                                                                                               , 
 ,                                                                                                                                                ,             ,                              ,        , -->Tasks\Documents\..Technical<                                                                                                                                                                                                                                                                                                                                                                    , 
 , 15                                                                                                                                             , TODO        , Bobi                         , 15     , "-->Tasks\Documents\..Technical..""Add QueryDescription and related to BusinessClasses""<"                                                                                                                                                                                                                                                                                                         , 
 ,                                                                                                                                                , OnGoing     ,                              ,        , -->Tasks\Documents\..Technical..Specification<                                                                                                                                                                                                                                                                                                                                                     , 
 ,                                                                                                                                                , InProgress  , Bobi                         ,        , "-->Tasks\Documents\..Technical..Specification..""Finish the F2Yaml.MVP specification""<"                                                                                                                                                                                                                                                                                                          , 
 ,                                                                                                                                                , InProgress  , Bobi                         , 0      , "-->Tasks\Documents\..Technical..Specification..""Finish the F2Yaml.MVP specification""..""F2Links spec""<"                                                                                                                                                                                                                                                                                        , 
 , 15                                                                                                                                             , TODO        , Bobi                         , 15     , "-->Tasks\Documents\..Technical..Specification..""Finish the F2Yaml.MVP specification""..""F2Links spec""..""Add the part about Item headers and prefixes""<"                                                                                                                                                                                                                                      , 
 ,                                                                                                                                                , TODO        , Bobi                         ,        , "-->Tasks\Documents\..Technical..Specification..""Finish the F2Yaml.MVP specification""..""Specification:_ headers support in Items""<"                                                                                                                                                                                                                                                            , 
 ,                                                                                                                                                , TODO        , Bobi                         ,        , "-->Tasks\Documents\..Technical..Specification..""Finish the F2Yaml.MVP specification""..""Specification:_ All Item header Ids/Summaries should start with a ""."" (dot)""<"                                                                                                                                                                                                                       , 
 ,                                                                                                                                                , TODO        , Bobi                         ,        , "-->Tasks\Documents\..Technical..Specification..""Finish the F2Yaml.MVP specification""..""Specification:_ a simple map is a valid Item format""<"                                                                                                                                                                                                                                                 , 
 ,                                                                                                                                                , InProgress  ,                              ,        , -->Tasks\Documents\..CollectIdeas<                                                                                                                                                                                                                                                                                                                                                                 , 
 ,                                                                                                                                                , TODO        ,                              ,        , "-->Tasks\Documents\..""SW dev articles""<"                                                                                                                                                                                                                                                                                                                                                        , 
 ,                                                                                                                                                , TODO        , Bobi                         ,        , "-->Tasks\Documents\..""SW dev articles""..""Requirements/description of the F2FinanceHelper""<"                                                                                                                                                                                                                                                                                                   , 
 ,                                                                                                                                                , TODO        , Bobi                         ,        , "-->Tasks\Documents\..""SW dev articles""..""Work out the requirements/description of The Tool""<"                                                                                                                                                                                                                                                                                                 , 
 ,                                                                                                                                                , TODO        , Bobi                         ,        , -->Tasks\Documents\..MakeOverTake<                                                                                                                                                                                                                                                                                                                                                                 , 
 ,                                                                                                                                                , TODO        , Bobi                         ,        , -->Tasks\Documents\..ProcessesOverview<                                                                                                                                                                                                                                                                                                                                                            , 
 ,                                                                                                                                                , TODO        , Bobi                         ,        , -->Tasks\Documents\..TheToolInDetail<                                                                                                                                                                                                                                                                                                                                                              , 
 ,                                                                                                                                                , Done        ,                              ,        , -->Tasks\Documents\..Summary<                                                                                                                                                                                                                                                                                                                                                                      , 
 ,                                                                                                                                                , Done        , Bobi                         ,        , -->Tasks\Documents\..Summary..Baseline<                                                                                                                                                                                                                                                                                                                                                            , 
 ,                                                                                                                                                , Done        , All                          ,        , -->Tasks\Documents\..Summary..Review<                                                                                                                                                                                                                                                                                                                                                              , 
 ,                                                                                                                                                , Done        , all                          ,        , "-->Tasks\Documents\..Summary..Review..""Writing final thoughts of the article in google docs""<"                                                                                                                                                                                                                                                                                                  , 
 ,                                                                                                                                                , Done        , all                          ,        , "-->Tasks\Documents\..Summary..Review..""Meeting to review member input""<"                                                                                                                                                                                                                                                                                                                        , 
 ,                                                                                                                                                , Done        , Bobi                         ,        , -->Tasks\Documents\..Summary..Review..MergeDocComments<                                                                                                                                                                                                                                                                                                                                            , 
 ,                                                                                                                                                , Done        , Bobi                         ,        , -->Tasks\Documents\..Summary..ActionToDos<                                                                                                                                                                                                                                                                                                                                                         , 
 ,                                                                                                                                                , InProgress  , "Bobi, Hana"                 ,        , "-->Tasks\Documents\..Summary..ActionToDos..""Line 50 in Comment - can't find better examples as of now, but we should try thinking. The current one is better than nothing Ideally, both should be real world AND easy to understand""<"                                                                                                                                                          , 
 ,                                                                                                                                                , Done        ,                              ,        , "-->Tasks\Documents\..Summary..ActionToDos..""Line 52""<"                                                                                                                                                                                                                                                                                                                                          , 
 ,                                                                                                                                                , Done        ,                              ,        , "-->Tasks\Documents\..Summary..ActionToDos..""Line 66""<"                                                                                                                                                                                                                                                                                                                                          , 
 ,                                                                                                                                                , Done        ,                              ,        , "-->Tasks\Documents\..Summary..ActionToDos..""Actioning the remaining Todos""<"                                                                                                                                                                                                                                                                                                                    , 
 ,                                                                                                                                                , Done        ,                              ,        , -->Tasks\Documents\..FAQ<                                                                                                                                                                                                                                                                                                                                                                          , 
 ,                                                                                                                                                , Done        , Bobi                         ,        , -->Tasks\Documents\..FAQ..Baseline<                                                                                                                                                                                                                                                                                                                                                                , 
 ,                                                                                                                                                , Done        , All                          ,        , -->Tasks\Documents\..FAQ..Review<                                                                                                                                                                                                                                                                                                                                                                  , 
 ,                                                                                                                                                , Done        ,                              ,        , "-->Tasks\Documents\..FAQ..Review..""Writing final thoughts of the article in google docs""<"                                                                                                                                                                                                                                                                                                      , 
 ,                                                                                                                                                , Done        ,                              ,        , "-->Tasks\Documents\..FAQ..Review..""Meeting to review member input""<"                                                                                                                                                                                                                                                                                                                            , 
 ,                                                                                                                                                , Done        ,                              ,        , "-->Tasks\Documents\..FAQ..Review..""Merge the comment of the doc""<"                                                                                                                                                                                                                                                                                                                              , 
 ,                                                                                                                                                , Done        , Bobi                         ,        , -->Tasks\Documents\..FAQ..ActionToDos<                                                                                                                                                                                                                                                                                                                                                             , 
 ,                                                                                                                                                , Done        ,                              ,        , "-->Tasks\Documents\..FAQ..ActionToDos..""Line 44 fix this add ""why this is the only thing which can drive back the doomsday clock""""<"                                                                                                                                                                                                                                                          , 
 ,                                                                                                                                                , Done        ,                              ,        , -->Tasks\Documents\..CurrentState<                                                                                                                                                                                                                                                                                                                                                                 , 
 ,                                                                                                                                                , Done        , Bobi                         ,        , -->Tasks\Documents\..CurrentState..Baseline<                                                                                                                                                                                                                                                                                                                                                       , 
 ,                                                                                                                                                , Done        , All                          ,        , -->Tasks\Documents\..CurrentState..Review<                                                                                                                                                                                                                                                                                                                                                         , 
 ,                                                                                                                                                , Done        , all                          ,        , "-->Tasks\Documents\..CurrentState..Review..""Writing final thoughts of the article in google docs""<"                                                                                                                                                                                                                                                                                             , 
 ,                                                                                                                                                , Done        , all                          ,        , "-->Tasks\Documents\..CurrentState..Review..""Meeting to review member input""<"                                                                                                                                                                                                                                                                                                                   , 
 ,                                                                                                                                                , Done        , Bobi                         ,        , -->Tasks\Documents\..CurrentState..Review..MergeDocComments<                                                                                                                                                                                                                                                                                                                                       , 
 ,                                                                                                                                                , InProgress  ,                              ,        , -->Tasks\Documents\..CompanyStruct<                                                                                                                                                                                                                                                                                                                                                                , 
 ,                                                                                                                                                , InProgress  ,                              ,        , -->Tasks\Documents\..CompanyStruct..HighLevel<                                                                                                                                                                                                                                                                                                                                                     , 
 ,                                                                                                                                                , InProgress  , Bobi                         ,        , -->Tasks\Documents\..CompanyStruct..HighLevel..Baseline<                                                                                                                                                                                                                                                                                                                                           , 
 ,                                                                                                                                                , InProgress  , All                          ,        , -->Tasks\Documents\..CompanyStruct..HighLevel..Review<                                                                                                                                                                                                                                                                                                                                             , 
 ,                                                                                                                                                , TODO        ,                              ,        , -->Tasks\Documents\..CompanyStruct..HighLevel..Recording<                                                                                                                                                                                                                                                                                                                                          , 
 ,                                                                                                                                                , TODO        , Giselle                      ,        , "-->Tasks\Documents\..CompanyStruct..HighLevel..""Transcribe the recording""<"                                                                                                                                                                                                                                                                                                                     , 
 , 3h                                                                                                                                             , TODO        , "Giselle, Hana, Gaurav, Bobi",        , "-->Tasks\Documents\..CompanyStruct..HighLevel..""Write the ""points"" using the recording""<"                                                                                                                                                                                                                                                                                                     , 
 ,                                                                                                                                                , TODO        ,                              ,        , "-->Tasks\Documents\..CompanyStruct..HighLevel..""migrate the file to drive""<"                                                                                                                                                                                                                                                                                                                    , 
 ,                                                                                                                                                , Done        , Bobi                         ,        , "-->Tasks\Documents\..CompanyStruct..HighLevel..""Write the baseline article""<"                                                                                                                                                                                                                                                                                                                   , 
 ,                                                                                                                                                , TODO        , everyone                     ,        , -->Tasks\Documents\..CompanyStruct..HighLevel..Reviews<                                                                                                                                                                                                                                                                                                                                            , 
 ,                                                                                                                                                , Done        ,                              ,        , -->Tasks\Documents\..PathOfDMImprov<                                                                                                                                                                                                                                                                                                                                                               , 
 ,                                                                                                                                                , Done        , All                          ,        , -->Tasks\Documents\..PathOfDMImprov..HighLevel<                                                                                                                                                                                                                                                                                                                                                    , 
 ,                                                                                                                                                , Done        , Bobi                         ,        , -->Tasks\Documents\..PathOfDMImprov..HighLevel..Baseline<                                                                                                                                                                                                                                                                                                                                          , 
 ,                                                                                                                                                , Done        , All                          ,        , -->Tasks\Documents\..PathOfDMImprov..HighLevel..Review<                                                                                                                                                                                                                                                                                                                                            , 
 ,                                                                                                                                                , InProgress  ,                              ,        , -->Tasks\Documents\..PathOfDMImprov..HighLevel..Review..Review<                                                                                                                                                                                                                                                                                                                                    , 
 ,                                                                                                                                                , Done        , all                          ,        , "-->Tasks\Documents\..PathOfDMImprov..HighLevel..""Writing final thoughts of the article in google docs""<"                                                                                                                                                                                                                                                                                        , 
 ,                                                                                                                                                , Done        , all                          ,        , "-->Tasks\Documents\..PathOfDMImprov..HighLevel..""Meeting to review member input""<"                                                                                                                                                                                                                                                                                                              , 
 ,                                                                                                                                                , Done        ,                              ,        , -->Tasks\Documents\..FeedbacksAndQ<                                                                                                                                                                                                                                                                                                                                                                , 
 ,                                                                                                                                                , Done        , Bobi                         ,        , -->Tasks\Documents\..FeedbacksAndQ..Baseline<                                                                                                                                                                                                                                                                                                                                                      , 
 ,                                                                                                                                                , Done        , All                          ,        , -->Tasks\Documents\..FeedbacksAndQ..Review<                                                                                                                                                                                                                                                                                                                                                        , 
 ,                                                                                                                                                , Done        , all                          ,        , "-->Tasks\Documents\..FeedbacksAndQ..Review..""Writing final thoughts of the article in google docs""<"                                                                                                                                                                                                                                                                                            , 
 ,                                                                                                                                                , Done        , all                          ,        , "-->Tasks\Documents\..FeedbacksAndQ..Review..""Meeting to review member input""<"                                                                                                                                                                                                                                                                                                                  , 
 ,                                                                                                                                                , Done        , Giselle                      ,        , "-->Tasks\Documents\..FeedbacksAndQ..""Action the following Todos""<"                                                                                                                                                                                                                                                                                                                              , 
 ,                                                                                                                                                , Done        ,                              ,        , "-->Tasks\Documents\..FeedbacksAndQ..""Action the following Todos""..""Final discussion with Giselle""<"                                                                                                                                                                                                                                                                                           , 
 ,                                                                                                                                                , Done        ,                              ,        , "-->Tasks\Documents\..FeedbacksAndQ..""Action the following Todos""..""Line 38 Giselle comment (Sent message waiting for reply)- discussed and understood""<"                                                                                                                                                                                                                                      , 
 ,                                                                                                                                                , TODO        ,                              ,        , "-->Tasks\Documents\..""Write ""short descriptions"" about the further articles""<"                                                                                                                                                                                                                                                                                                                , 
 ,                                                                                                                                                ,             ,                              ,        , -->Tasks\Management\<                                                                                                                                                                                                                                                                                                                                                                              , 
 ,                                                                                                                                                , OnGoing     ,                              ,        , -->Tasks\Management\..General<                                                                                                                                                                                                                                                                                                                                                                     , 
 ,                                                                                                                                                , OnGoing     , All                          ,        , -->Tasks\Management\..General..TaskAdmin<                                                                                                                                                                                                                                                                                                                                                          , 
 ,                                                                                                                                                , OnGoing     , All                          ,        , "-->Tasks\Management\..General..""Standup related""<"                                                                                                                                                                                                                                                                                                                                              , 
 ,                                                                                                                                                , OnGoing     , All                          ,        , "-->Tasks\Management\..General..""Standup related""..""Preparation for participants""<"                                                                                                                                                                                                                                                                                                            , 
 ,                                                                                                                                                , OnGoing     , All                          ,        , "-->Tasks\Management\..General..""Standup related""..Standup<"                                                                                                                                                                                                                                                                                                                                     , 
 , 0m                                                                                                                                             , OnGoing     , Hana                         , 0m     , "-->Tasks\Management\..General..""Standup related""..""Process the Workhours.csv""<"                                                                                                                                                                                                                                                                                                               , 
 , 0m                                                                                                                                             , Done        , Hana                         , 0m     , "-->Tasks\Management\..General..""Standup related""..""Process the Workhours.csv""..SyncAt20260422<"                                                                                                                                                                                                                                                                                               , 
 , 10m                                                                                                                                            , InProgress  , Hana                         , 0m     , "-->Tasks\Management\..General..""Standup related""..""Process the Workhours.csv""..SyncAt20260428<"                                                                                                                                                                                                                                                                                               , 
 ,                                                                                                                                                , OnGoing     , Hana                         ,        , "-->Tasks\Management\..General..""Planning related""<"                                                                                                                                                                                                                                                                                                                                             , 
 ,                                                                                                                                                , OnGoing     ,                              ,        , "-->Tasks\Management\..General..""Planning related""..""Hold periodically""<"                                                                                                                                                                                                                                                                                                                      , 
 ,                                                                                                                                                , OnGoing     ,                              ,        , -->Tasks\Management\..General..Reports<                                                                                                                                                                                                                                                                                                                                                            , 
 ,                                                                                                                                                , Done        , "Bobi, Hana"                 ,        , "-->Tasks\Management\..General..Reports..""Create report about total spent time per task and per day per worker up until 20260413 meh""<"                                                                                                                                                                                                                                                          , 
 , 90                                                                                                                                             , Done        , "Bobi, Hana"                 , 0      , "-->Tasks\Management\..General..Reports..""Create report about total spent time per task and per day per worker up until 20260413 meh""..""Create CSV""<"                                                                                                                                                                                                                                          , 
 , 30                                                                                                                                             , Done        , "Bobi, Hana"                 , 30     , "-->Tasks\Management\..General..Reports..""Create report about total spent time per task and per day per worker up until 20260413 meh""..""Create Reports""<"                                                                                                                                                                                                                                      , 
 ,                                                                                                                                                , TODO        , "Hana, Bobi"                 ,        , "-->Tasks\Management\..General..Reports..""Create further reports""<"                                                                                                                                                                                                                                                                                                                              , 
 ,                                                                                                                                                , OnGoing     , "Hana, Bobi"                 ,        , "-->Tasks\Management\..General..Reports..""Update reports periodically""<"                                                                                                                                                                                                                                                                                                                         , 
 ,                                                                                                                                                , OnGoing     , Hana                         ,        , -->Tasks\Management\..General..Retro<                                                                                                                                                                                                                                                                                                                                                              , 
 ,                                                                                                                                                , OnGoing     , PM                           ,        , "-->Tasks\Management\..General..Retro..""Hold periodically""<"                                                                                                                                                                                                                                                                                                                                     , 
 ,                                                                                                                                                , OnGoing     , PM                           ,        , "-->Tasks\Management\..General..""Task list reports (CSV)""<"                                                                                                                                                                                                                                                                                                                                      , 
 ,                                                                                                                                                , Done        , PM                           ,        , "-->Tasks\Management\..General..""Task list reports (CSV)""..Creation<"                                                                                                                                                                                                                                                                                                                            , 
 , 90                                                                                                                                             , Done        , Hana                         , 0      , "-->Tasks\Management\..General..""Task list reports (CSV)""..Creation..""Create OCWSPhase1 task list reports""<"                                                                                                                                                                                                                                                                                   , 
 , 70                                                                                                                                             , Done        , Hana                         , 70     , "-->Tasks\Management\..General..""Task list reports (CSV)""..Creation..""Create Management task list reports""<"                                                                                                                                                                                                                                                                                   , 
 , 90                                                                                                                                             , Done        , Hana                         , 90     , "-->Tasks\Management\..General..""Task list reports (CSV)""..Creation..""Create OCWSPhase2 task list reports""<"                                                                                                                                                                                                                                                                                   , 
 , 90                                                                                                                                             , OnGoing     , Hana                         , 90     , "-->Tasks\Management\..General..""Task list reports (CSV)""..Maintenance<"                                                                                                                                                                                                                                                                                                                         , 
 , 30                                                                                                                                             , Done        , Hana                         , 30     , "-->Tasks\Management\..General..""Task list reports (CSV)""..Maintenance..SyncAt20260402<"                                                                                                                                                                                                                                                                                                         , 
 , 10                                                                                                                                             , Done        , Hana                         , 10     , "-->Tasks\Management\..General..""Task list reports (CSV)""..Maintenance..SyncAt20260403<"                                                                                                                                                                                                                                                                                                         , 
 , 10                                                                                                                                             , Done        , Hana                         , 0      , "-->Tasks\Management\..General..""Task list reports (CSV)""..Maintenance..SyncAt20260422<"                                                                                                                                                                                                                                                                                                         , 
 , 0m                                                                                                                                             , Done        , Hana                         , 0m     , "-->Tasks\Management\..General..""Task list reports (CSV)""..Maintenance..SyncAt20260425<"                                                                                                                                                                                                                                                                                                         , 
 , 0m                                                                                                                                             , Done        , Hana                         , 0m     , "-->Tasks\Management\..General..""Task list reports (CSV)""..Maintenance..SyncAt20260428<"                                                                                                                                                                                                                                                                                                         , 
 , 0m                                                                                                                                             , Done        , Hana                         , 0m     , "-->Tasks\Management\..General..""Task list reports (CSV)""..Maintenance..SyncAT20260505<"                                                                                                                                                                                                                                                                                                         , 
 ,                                                                                                                                                , OnGoing     , Hana                         ,        , "-->Tasks\Management\..General..""Task list reports (CSV)""..""Analysis of Tasks in CSV""<"                                                                                                                                                                                                                                                                                                        , 
 ,                                                                                                                                                , Done        , "Bobi, Hana"                 ,        , "-->Tasks\Management\..General..""Task list reports (CSV)""..""Update our approach of handling the CSVs as of 20260415 mehh""<"                                                                                                                                                                                                                                                                    , 
 , 10                                                                                                                                             , Done        , Bobi                         , 0      , "-->Tasks\Management\..General..""Task list reports (CSV)""..""Update our approach of handling the CSVs as of 20260415 mehh""..""Decide:_ approach""<"                                                                                                                                                                                                                                             , 
 , 10                                                                                                                                             , Done        , Bobi                         , 0      , "-->Tasks\Management\..General..""Task list reports (CSV)""..""Update our approach of handling the CSVs as of 20260415 mehh""..Implement<"                                                                                                                                                                                                                                                         , 
 ,                                                                                                                                                , OnGoing     ,                              ,        , "-->Tasks\Management\..General..""Schedule meetings""<"                                                                                                                                                                                                                                                                                                                                            , 
 , 5m                                                                                                                                             , Done        , Hana                         , 5m     , "-->Tasks\Management\..General..""Schedule meetings""..""Schedule RePlSt within the week""<"                                                                                                                                                                                                                                                                                                       , 
 , 0m                                                                                                                                             , TODO        , Hana                         , 0m     , "-->Tasks\Management\..General..""Schedule meetings""..""Schedule Milestone within next week""<"                                                                                                                                                                                                                                                                                                   , 
 ,                                                                                                                                                , OnGoing     ,                              ,        , "-->Tasks\Management\..General..""Remind and follow up with participants""<"                                                                                                                                                                                                                                                                                                                       , 
 ,                                                                                                                                                , OnHold      , Hana                         ,        , "-->Tasks\Management\..General..""Remind and follow up with participants""..""Remind Bobi for fixing the stand up process""<"                                                                                                                                                                                                                                                                      , 
 ,                                                                                                                                                ,             , Hana                         ,        , "-->Tasks\Management\..General..""Remind and follow up with participants""..""Remind Bobi for fixing the stand up process""..""Remind Bobi the stand up process fixing -->CurrentWork\Hana\StandupReports\.SR_20260622_Hana<""<"                                                                                                                                                                   , 
 , 0m                                                                                                                                             , OnGoing     , Hana                         , 0m     , "-->Tasks\Management\..General..""Remind and follow up with participants""..""Remind Bobi and myself about the streaming""<"                                                                                                                                                                                                                                                                       , 
 ,                                                                                                                                                , Done        ,                              ,        , "-->Tasks\Management\..General..""Remind and follow up with participants""..""Remind Bobi and myself about the streaming""..""Reminder on 20260623""<"                                                                                                                                                                                                                                             , 
 , 0m                                                                                                                                             , Done        , Hana                         , 0m     , "-->Tasks\Management\..General..""Remind and follow up with participants""..""Remind Bobi and myself about the streaming""..""Search where to start the streaming process in management and public relation""<"                                                                                                                                                                                    , 
 , 80m                                                                                                                                            ,             , Hana                         , 80m    , "-->Tasks\Management\..""Create process description for Standup, Retrospective and Planning""<"                                                                                                                                                                                                                                                                                                    , 
 ,                                                                                                                                                , Done        ,                              ,        , "-->Tasks\Management\..""Create process description for Standup, Retrospective and Planning""..""Create and revise process of StandUpreport""<"                                                                                                                                                                                                                                                    , 
 ,                                                                                                                                                , TODO        ,                              ,        , "-->Tasks\Management\..""Create process description for Standup, Retrospective and Planning""..""Create process for Planing meeting""<"                                                                                                                                                                                                                                                            , 
 ,                                                                                                                                                , TODO        ,                              ,        , "-->Tasks\Management\..""Create process description for Standup, Retrospective and Planning""..""Create process for retrospective meeting""<"                                                                                                                                                                                                                                                      , 
 ,                                                                                                                                                , OnGoing     , "Bobi, Hana"                 ,        , -->Tasks\Management\..CreateSchedules<                                                                                                                                                                                                                                                                                                                                                             , 
 ,                                                                                                                                                , Done        , "Bobi, Hana"                 ,        , "-->Tasks\Management\..CreateSchedules..""Create baseline""<"                                                                                                                                                                                                                                                                                                                                      , 
 , 30                                                                                                                                             , OnGoing     , "Bobi, Hana"                 , 20     , "-->Tasks\Management\..CreateSchedules..""Fine tune daily schedule during the trial week""<"                                                                                                                                                                                                                                                                                                       , 
 ,                                                                                                                                                , Blocked     , "Bobi, Hana"                 ,        , "-->Tasks\Management\..CreateSchedules..""Create streaming schedule""<"                                                                                                                                                                                                                                                                                                                            , 
 , 15                                                                                                                                             , Done        , Bobi                         , 0      , "-->Tasks\Management\..""Create ""daily administration"" schedule for Hana""<"                                                                                                                                                                                                                                                                                                                     , 
 ,                                                                                                                                                , Done        ,                              ,        , -->Tasks\Management\..OCWSPhase1<                                                                                                                                                                                                                                                                                                                                                                  , 
 , 30                                                                                                                                             , Done        , Hana                         , 30     , "-->Tasks\Management\..OCWSPhase1..""Clean up the CSVTODO tags""<"                                                                                                                                                                                                                                                                                                                                 , 
 ,                                                                                                                                                , Done        , Bobi                         ,        , "-->Tasks\Management\..OCWSPhase1..""Merge the Tasks (I was working on) with the original set""<"                                                                                                                                                                                                                                                                                                  , 
 ,                                                                                                                                                , Done        , Bobi                         ,        , "-->Tasks\Management\..OCWSPhase1..""Provide estimations""<"                                                                                                                                                                                                                                                                                                                                       , 
 ,                                                                                                                                                , Done        ,                              ,        , "-->Tasks\Management\..OCWSPhase1..""Cleanup workspace""<"                                                                                                                                                                                                                                                                                                                                         , 
 , 30                                                                                                                                             , Done        , Bobi                         , 0      , "-->Tasks\Management\..OCWSPhase1..""Cleanup workspace""..Bobi<"                                                                                                                                                                                                                                                                                                                                   , 
 , 0m                                                                                                                                             , Done        , Hana                         , 0m     , "-->Tasks\Management\..OCWSPhase1..""Cleanup workspace""..Hana<"                                                                                                                                                                                                                                                                                                                                   , 
 ,                                                                                                                                                , Done        , "Hana, Bobi"                 ,        , -->Tasks\Management\..OCWSPhase1..UpdateF2Links<                                                                                                                                                                                                                                                                                                                                                   , 
 , 142                                                                                                                                            , Done        , Hana                         , 0      , -->Tasks\Management\..OCWSPhase1..UpdateF2Links..Fix1stRound<                                                                                                                                                                                                                                                                                                                                      , 
 , 60                                                                                                                                             , Cancelled   , Bobi                         , 0      , -->Tasks\Management\..OCWSPhase1..UpdateF2Links..Fix2ndRound<                                                                                                                                                                                                                                                                                                                                      , 
 , 90                                                                                                                                             , Done        , "Bobi, Hana"                 , 90     , -->Tasks\Management\..OCWSPhase1..CleanUpFiles<                                                                                                                                                                                                                                                                                                                                                    , 
 ,                                                                                                                                                , Done        ,                              ,        , "-->Tasks\Management\..OCWSPhase1..CleanUpFiles..""Bobi per TasksToBeSorted""<"                                                                                                                                                                                                                                                                                                                    , 
 ,                                                                                                                                                , Done        ,                              ,        , -->Tasks\Management\..OCWSPhase1..CleanUpFiles..F2Yaml<                                                                                                                                                                                                                                                                                                                                            , 
 ,                                                                                                                                                , Done        , "Bobi, Hana"                 ,        , "-->Tasks\Management\..""Big replanning after OCWSPhase1""<"                                                                                                                                                                                                                                                                                                                                       , 
 ,                                                                                                                                                , Done        , Hana                         ,        , "-->Tasks\Management\..""Big replanning after OCWSPhase1""..""Clean up and move the Tasks in the Workspace of this Task""<"                                                                                                                                                                                                                                                                        , 
 , 60                                                                                                                                             , InProgress  , "Bobi, Hana"                 , 60     , "-->Tasks\Management\..""Plan and prepare Twitch streaming first phase""<"                                                                                                                                                                                                                                                                                                                         , 
 ,                                                                                                                                                , InProgress  ,                              ,        , "-->Tasks\Management\..""Plan and prepare Twitch streaming first phase""..""Create baseline schedule""<"                                                                                                                                                                                                                                                                                           , 
 ,                                                                                                                                                , InProgress  , "Bobi, Hana"                 ,        , -->Tasks\Management\..PlanNextMS<                                                                                                                                                                                                                                                                                                                                                                  , -->Tasks\PublicRelations\..CreateOutreachPlan<
 , 15                                                                                                                                             , Done        , "Bobi, Hana"                 , 15     , "-->Tasks\Management\..PlanNextMS..""Have a rough idea about the next milestones""<"                                                                                                                                                                                                                                                                                                               , 
 , 60                                                                                                                                             , OnHold      , "Bobi, Hana"                 , 60     , "-->Tasks\Management\..PlanNextMS..""Decide:_ Milestones and areas baseline""<"                                                                                                                                                                                                                                                                                                                    , 
 ,                                                                                                                                                , Done        ,                              ,        , "-->Tasks\Management\..PlanNextMS..""Decide:_ Milestones and areas baseline""..""Collect the mentionable things during the life of the project and the areas we think we should have""<"                                                                                                                                                                                                           , 
 ,                                                                                                                                                , OnHold      , "Bobi, Hana"                 ,        , "-->Tasks\Management\..PlanNextMS..""Decide:_ Milestones and areas baseline""..""Pick the ones from the previous task we hwant to track and publish""<"                                                                                                                                                                                                                                            , 
 , 180                                                                                                                                            , InProgress  , "Bobi, Hana"                 , 180    , "-->Tasks\Management\..PlanNextMS..""Work out the F2BarbaManagement.MVP milestone""<"                                                                                                                                                                                                                                                                                                              , 
 ,                                                                                                                                                , Done        , "Bobi, Hana"                 ,        , -->Tasks\Management\..PlanNextMS..OcWSPhase2<                                                                                                                                                                                                                                                                                                                                                      , -->Tasks\PublicRelations\..CreateOutreachPlan<
 ,                                                                                                                                                , TODO        , "Bobi, Hana"                 ,        , "-->Tasks\Management\..PlanNextMS..""Work out the PublicPresence Phase 1 milestone""<"                                                                                                                                                                                                                                                                                                             , 
 , 30                                                                                                                                             , Blocked     , "Bobi, Hana"                 , 30     , "-->Tasks\Management\..PlanNextMS..""Make final decision about the milestones we pursue""<"                                                                                                                                                                                                                                                                                                        , "-->Tasks\Management\..""Plan the next Milestones""..""Work out the F2BarbaManagement.MVP milestone""<, -->Tasks\Management\..""Plan the next Milestones""..""Work out the OCWSPhase2 milestone""<"
 ,                                                                                                                                                ,             ,                              ,        , -->Tasks\Management\..PlanNextMS.Details..ERROR..ERROR<                                                                                                                                                                                                                                                                                                                                            , 
 ,                                                                                                                                                , TODO        ,                              ,        , "-->Tasks\Management\.."" Review the below""<"                                                                                                                                                                                                                                                                                                                                                     , 
 ,                                                                                                                                                ,             ,                              ,        , -->Tasks\Miscellaneous\<                                                                                                                                                                                                                                                                                                                                                                           , 
 ,                                                                                                                                                , OnGoing     ,                              ,        , -->Tasks\Miscellaneous\..IT<                                                                                                                                                                                                                                                                                                                                                                       , 
 ,                                                                                                                                                , OnGoing     ,                              ,        , -->Tasks\Miscellaneous\..IT..EnvConfig<                                                                                                                                                                                                                                                                                                                                                            , 
 ,                                                                                                                                                , OnGoing     ,                              ,        , -->Tasks\Miscellaneous\..IT..Git<                                                                                                                                                                                                                                                                                                                                                                  , 
 , 30                                                                                                                                             , Blocked     , Bobi                         , 30     , "-->Tasks\Miscellaneous\..IT..Git..""Create a new repository after the cleanups""<"                                                                                                                                                                                                                                                                                                                , "-->Tasks\Management\..""OCWSPhase1""..""Clean up the files we are publishing""<"
 ,                                                                                                                                                , OnGoing     ,                              ,        , -->Tasks\Miscellaneous\..BusinessAnalysis<                                                                                                                                                                                                                                                                                                                                                         , 
 ,                                                                                                                                                ,             ,                              ,        , -->Tasks\Miscellaneous\..BusinessAnalysis..F2ToolsExtension<                                                                                                                                                                                                                                                                                                                                       , 
 ,                                                                                                                                                , InProgress  , "Bobi, Hana"                 ,        , -->Tasks\Miscellaneous\..BusinessAnalysis..F2ToolsExtension..QueryBasedCSV<                                                                                                                                                                                                                                                                                                                        , 
 , 120                                                                                                                                            , Done        , Bobi                         , 0      , -->Tasks\Miscellaneous\..BusinessAnalysis..F2ToolsExtension..QueryBasedCSV..CreateDraft<                                                                                                                                                                                                                                                                                                           , 
 , 20                                                                                                                                             , InProgress  , "Bobi, Hana"                 , 10     , -->Tasks\Miscellaneous\..BusinessAnalysis..F2ToolsExtension..QueryBasedCSV..Review<                                                                                                                                                                                                                                                                                                                , 
 ,                                                                                                                                                , OnGoing     , "Bobi, Hana"                 ,        , -->Tasks\Miscellaneous\..BusinessAnalysis..F2ToolsExtension..QueryBasedCSV..Handover<                                                                                                                                                                                                                                                                                                              , 
 , 120                                                                                                                                            , InProgress  , "Bobi, Hana"                 , 20     , -->Tasks\Miscellaneous\..BusinessAnalysis..F2ToolsExtension..F2LinkUpgrades<                                                                                                                                                                                                                                                                                                                       , 
 , 120                                                                                                                                            , Done        , Bobi                         , 0      , "-->Tasks\Miscellaneous\..BusinessAnalysis..F2ToolsExtension..F2LinkUpgrades..""Create Draft""<"                                                                                                                                                                                                                                                                                                   , 
 , 20                                                                                                                                             , TODO        , "Bobi, Hana"                 , 20     , "-->Tasks\Miscellaneous\..BusinessAnalysis..F2ToolsExtension..F2LinkUpgrades..""Review with Hana""<"                                                                                                                                                                                                                                                                                               , 
 ,                                                                                                                                                , Done        , Bobi                         ,        , -->Tasks\Miscellaneous\..BusinessAnalysis..F2ToolsExtension..TextOutput<                                                                                                                                                                                                                                                                                                                           , 
 ,                                                                                                                                                , OnGoing     ,                              ,        , -->Tasks\Miscellaneous\..Health<                                                                                                                                                                                                                                                                                                                                                                   , 
 ,                                                                                                                                                , InProgress  , Bobi                         ,        , "-->Tasks\Miscellaneous\..Health..""Health planning W20260608""<"                                                                                                                                                                                                                                                                                                                                  , 
 ,                                                                                                                                                , Done        , Hana                         ,        , "-->Tasks\Miscellaneous\..Health..""Health planning W20260608""..""Hana to make supplements plan""<"                                                                                                                                                                                                                                                                                               , 
 , 30m                                                                                                                                            , InProgress  , Hana                         , 30m    , "-->Tasks\Miscellaneous\..Health..""Health planning W20260608""..""Hana to schedule it own in google Calendar""<"                                                                                                                                                                                                                                                                                  , 
 ,                                                                                                                                                , Done        ,                              ,        , "-->Tasks\Miscellaneous\..Health..""Health planning W20260608""..""Hana to schedule it own in google Calendar""..""Activity has been scheduled in (hanakovacs42@gmail.com) calendar""<"                                                                                                                                                                                                            , 
 ,                                                                                                                                                , Done        ,                              ,        , "-->Tasks\Miscellaneous\..Health..""Health planning W20260608""..""Hana to schedule it own in google Calendar""..""Schedule supplements""<"                                                                                                                                                                                                                                                        , 
 , 60                                                                                                                                             , TODO        , Bobi Hana                    , 60     , "-->Tasks\Miscellaneous\..Health..""Create an an analysis about the effects of consuming various sugars""<"                                                                                                                                                                                                                                                                                        , 
 , 60                                                                                                                                             , Done        , Hana                         , 0      , "-->Tasks\Miscellaneous\..Health..""Create a daily health tracking template to monitor sleep quality, bowel movements, mood, nutrition, hydration, and physical activity.""<"                                                                                                                                                                                                                      , 
 ,                                                                                                                                                , OnGoing     , Hana                         ,        , "-->Tasks\Miscellaneous\..Health..""Do health log and daily reviews""<"                                                                                                                                                                                                                                                                                                                            , 
 ,                                                                                                                                                , OnGoing     , Bobi                         ,        , "-->Tasks\Miscellaneous\..Health..""Do weekly health related planning""<"                                                                                                                                                                                                                                                                                                                          , 
 ,                                                                                                                                                , InProgress  , Bobi                         ,        , "-->Tasks\Miscellaneous\..Health..""Create health-log tracking requirements""<"                                                                                                                                                                                                                                                                                                                    , 
 , 15m                                                                                                                                            , InProgress  , "Bobi, Hana"                 ,        , "-->Tasks\Miscellaneous\..Health..""Create health-log tracking requirements""..""Collect initial ideas""<"                                                                                                                                                                                                                                                                                         , 
 ,                                                                                                                                                ,             ,                              ,        , -->Tasks\Miscellaneous\..Health..Schedules<                                                                                                                                                                                                                                                                                                                                                        , 
 , 40m                                                                                                                                            , Done        , Hana                         , 40m    , "-->Tasks\Miscellaneous\..Health..Schedules..""Schedule Health Analysis (Live)""<"                                                                                                                                                                                                                                                                                                                 , 
 ,                                                                                                                                                , InProgress  , Bobi                         ,        , "-->Tasks\Miscellaneous\..""Create incentivisation system baseline""<"                                                                                                                                                                                                                                                                                                                             , 
 ,                                                                                                                                                , TODO        , Bobi                         ,        , "-->Tasks\Miscellaneous\..""Create incentivisation system baseline""..""Move the idea from the above workspace to its correct place""<"                                                                                                                                                                                                                                                            , 
 ,                                                                                                                                                , NEXT        , "Hana, Bobi"                 ,        , "-->Tasks\Miscellaneous\..""Create incentivisation system baseline""..""Finalize and review it""<"                                                                                                                                                                                                                                                                                                 , 
 ,                                                                                                                                                ,             ,                              ,        , -->Tasks\Processes\<                                                                                                                                                                                                                                                                                                                                                                               , 
 ,                                                                                                                                                ,             ,                              ,        , -->Tasks\Processes\..EnvSetup<                                                                                                                                                                                                                                                                                                                                                                     , 
 ,                                                                                                                                                , Done        ,                              ,        , "-->Tasks\Processes\..EnvSetup..""Create baseline""<"                                                                                                                                                                                                                                                                                                                                              , 
 ,                                                                                                                                                , Done        , Bobi                         ,        , -->Tasks\Processes\..EnvSetup..Update20250422<                                                                                                                                                                                                                                                                                                                                                     , 
 ,                                                                                                                                                , TODO        , Bobi                         ,        , "-->Tasks\Processes\..EnvSetup..""Revise as of 20250909""<"                                                                                                                                                                                                                                                                                                                                        , 
 ,                                                                                                                                                ,             ,                              ,        , -->Tasks\Processes\..Members<                                                                                                                                                                                                                                                                                                                                                                      , 
 ,                                                                                                                                                , OnHold      ,                              ,        , -->Tasks\Processes\..Members..InitialInterview<                                                                                                                                                                                                                                                                                                                                                    , 
 ,                                                                                                                                                , OnHold      , Bobi                         ,        , -->Tasks\Processes\..Members..InitialInterview..Baseline<                                                                                                                                                                                                                                                                                                                                          , 
 ,                                                                                                                                                , OnHold      , Bobi                         ,        , -->Tasks\Processes\..Members..Rampup<                                                                                                                                                                                                                                                                                                                                                              , 
 ,                                                                                                                                                , OnHold      , Bobi                         ,        , -->Tasks\Processes\..Members..Rampup..Baseline<                                                                                                                                                                                                                                                                                                                                                    , 
 ,                                                                                                                                                , TODO        , Bobi                         ,        , -->Tasks\Processes\..Members..Work<                                                                                                                                                                                                                                                                                                                                                                , 
 ,                                                                                                                                                , TODO        , Bobi                         ,        , "-->Tasks\Processes\..Members..""Hold meetings""<"                                                                                                                                                                                                                                                                                                                                                 , 
 ,                                                                                                                                                , InProgress  , Bobi                         ,        , "-->Tasks\Processes\..Members..""Do Focusmating""<"                                                                                                                                                                                                                                                                                                                                                , 
 ,                                                                                                                                                ,             ,                              ,        , -->Tasks\Processes\..Standup<                                                                                                                                                                                                                                                                                                                                                                      , 
 ,                                                                                                                                                , Done        ,                              ,        , "-->Tasks\Processes\..Standup..""Create baseline""<"                                                                                                                                                                                                                                                                                                                                               , 
 ,                                                                                                                                                , TODO        , Bobi                         ,        , -->Tasks\Processes\..Standup..Update20250422<                                                                                                                                                                                                                                                                                                                                                      , 
 ,                                                                                                                                                , TODO        , Boby                         ,        , -->Tasks\Processes\..Standup..Update20250422..StandupPrep<                                                                                                                                                                                                                                                                                                                                         , 
 ,                                                                                                                                                , TODO        , Boby                         ,        , -->Tasks\Processes\..Standup..Update20250422..Standup<                                                                                                                                                                                                                                                                                                                                             , 
 ,                                                                                                                                                ,             ,                              ,        , -->Tasks\Processes\..AchievementAndPointsSystem<                                                                                                                                                                                                                                                                                                                                                   , 
 ,                                                                                                                                                , TODO        , Bobi                         ,        , "-->Tasks\Processes\..AchievementAndPointsSystem..""Achievement and Points system""<"                                                                                                                                                                                                                                                                                                              , 
 ,                                                                                                                                                ,             ,                              ,        , -->Tasks\Processes\..PM<                                                                                                                                                                                                                                                                                                                                                                           , 
 ,                                                                                                                                                , TODO        , Bobi                         ,        , -->Tasks\Processes\..PM..TaskPrioritization<                                                                                                                                                                                                                                                                                                                                                       , 
 ,                                                                                                                                                , TODO        , Bobi                         ,        , -->Tasks\Processes\..PM..TaskPrioritization..Baseline<                                                                                                                                                                                                                                                                                                                                             , 
 ,                                                                                                                                                , TODO        ,                              ,        , -->Tasks\Processes\..PM..VerifyAndImprove<                                                                                                                                                                                                                                                                                                                                                         , 
 ,                                                                                                                                                , TODO        , Bobi                         ,        , -->Tasks\Processes\..PM..VerifyAndImprove..Baseline<                                                                                                                                                                                                                                                                                                                                               , 
 ,                                                                                                                                                , TODO        , pms                          ,        , "-->Tasks\Processes\..PM..""Retro and Retro preparation""<"                                                                                                                                                                                                                                                                                                                                        , 
 ,                                                                                                                                                , TODO        , pms                          ,        , "-->Tasks\Processes\..PM..""Planning meeting and preparation""<"                                                                                                                                                                                                                                                                                                                                   , 
 ,                                                                                                                                                , TODO        , pms                          ,        , "-->Tasks\Processes\..PM..""Daily activities of a PM""<"                                                                                                                                                                                                                                                                                                                                           , 
 ,                                                                                                                                                , InProgress  , "Hana, Bobi"                 ,        , "-->Tasks\Processes\..PM..""Preparing and holding standup""<"                                                                                                                                                                                                                                                                                                                                      , 
 ,                                                                                                                                                ,             ,                              ,        , -->Tasks\Processes\..Requirements<                                                                                                                                                                                                                                                                                                                                                                 , 
 ,                                                                                                                                                , TODO        ,                              ,        , -->Tasks\Processes\..Requirements..Creation<                                                                                                                                                                                                                                                                                                                                                       , 
 ,                                                                                                                                                , TODO        , Bobi                         ,        , -->Tasks\Processes\..Requirements..Creation..Baseline<                                                                                                                                                                                                                                                                                                                                             , 
 ,                                                                                                                                                , TODO        ,                              ,        , -->Tasks\Processes\..Requirements..Evaluation<                                                                                                                                                                                                                                                                                                                                                     , 
 ,                                                                                                                                                , TODO        , Bobi                         ,        , -->Tasks\Processes\..Requirements..Evaluation..Baseline<                                                                                                                                                                                                                                                                                                                                           , 
 ,                                                                                                                                                , TODO        ,                              ,        , -->Tasks\Processes\..Requirements..Change<                                                                                                                                                                                                                                                                                                                                                         , 
 ,                                                                                                                                                , TODO        , Bobi                         ,        , -->Tasks\Processes\..Requirements..Change..Baseline<                                                                                                                                                                                                                                                                                                                                               , 
 ,                                                                                                                                                ,             ,                              ,        , -->Tasks\Processes\..QA<                                                                                                                                                                                                                                                                                                                                                                           , 
 ,                                                                                                                                                , TODO        ,                              ,        , -->Tasks\Processes\..QA..Creation<                                                                                                                                                                                                                                                                                                                                                                 , 
 ,                                                                                                                                                , TODO        , Bobi                         ,        , -->Tasks\Processes\..QA..Creation..Baseline<                                                                                                                                                                                                                                                                                                                                                       , 
 ,                                                                                                                                                , TODO        ,                              ,        , -->Tasks\Processes\..QA..Evaluation<                                                                                                                                                                                                                                                                                                                                                               , 
 ,                                                                                                                                                , TODO        , Bobi                         ,        , -->Tasks\Processes\..QA..Evaluation..Baseline<                                                                                                                                                                                                                                                                                                                                                     , 
 ,                                                                                                                                                , TODO        ,                              ,        , -->Tasks\Processes\..QA..Change<                                                                                                                                                                                                                                                                                                                                                                   , 
 ,                                                                                                                                                , TODO        , Bobi                         ,        , -->Tasks\Processes\..QA..Change..Baseline<                                                                                                                                                                                                                                                                                                                                                         , 
 ,                                                                                                                                                ,             ,                              ,        , -->Tasks\Processes\..Tasks<                                                                                                                                                                                                                                                                                                                                                                        , 
 ,                                                                                                                                                , TODO        ,                              ,        , -->Tasks\Processes\..Tasks..Creation<                                                                                                                                                                                                                                                                                                                                                              , 
 ,                                                                                                                                                , TODO        , Bobi                         ,        , -->Tasks\Processes\..Tasks..Creation..Baseline<                                                                                                                                                                                                                                                                                                                                                    , 
 ,                                                                                                                                                , TODO        ,                              ,        , -->Tasks\Processes\..Tasks..Change<                                                                                                                                                                                                                                                                                                                                                                , 
 ,                                                                                                                                                , TODO        , Bobi                         ,        , -->Tasks\Processes\..Tasks..Change..Baseline<                                                                                                                                                                                                                                                                                                                                                      , 
 ,                                                                                                                                                , TODO        ,                              ,        , -->Tasks\Processes\..Tasks..WorkOn<                                                                                                                                                                                                                                                                                                                                                                , 
 ,                                                                                                                                                , TODO        , Bobi                         ,        , -->Tasks\Processes\..Tasks..WorkOn..Baseline<                                                                                                                                                                                                                                                                                                                                                      , 
 ,                                                                                                                                                ,             ,                              ,        , -->Tasks\Processes\..MakeFormalDecision<                                                                                                                                                                                                                                                                                                                                                           , 
 ,                                                                                                                                                , TODO        , Bobi                         ,        , -->Tasks\Processes\..MakeFormalDecision..Baseline<                                                                                                                                                                                                                                                                                                                                                 , 
 ,                                                                                                                                                ,             ,                              ,        , -->Tasks\Processes\..Processes<                                                                                                                                                                                                                                                                                                                                                                    , 
 ,                                                                                                                                                , TODO        , Bobi                         ,        , -->Tasks\Processes\..Processes..Baseline<                                                                                                                                                                                                                                                                                                                                                          , 
 ,                                                                                                                                                ,             ,                              ,        , -->Tasks\Processes\..Miscellaneous<                                                                                                                                                                                                                                                                                                                                                                , 
 ,                                                                                                                                                , TODO        , Gaurav                       ,        , -->Tasks\Processes\..Miscellaneous..IssuesAndWorkarounds<                                                                                                                                                                                                                                                                                                                                          , 
 , 30                                                                                                                                             , TODO        , Bobi                         , 30     , -->Tasks\Processes\..Miscellaneous..PwdManagement<                                                                                                                                                                                                                                                                                                                                                 , 
 ,                                                                                                                                                , Done        ,                              ,        , "-->Tasks\Processes\..Miscellaneous..""Transcription with Whisper""<"                                                                                                                                                                                                                                                                                                                              , 
 ,                                                                                                                                                , TODO        , "Bobi, Shadow"               ,        , -->Tasks\Processes\..Miscellaneous..Tf2porgUpdate<                                                                                                                                                                                                                                                                                                                                                 , 
 ,                                                                                                                                                ,             ,                              ,        , -->Tasks\Processes\..Outreach<                                                                                                                                                                                                                                                                                                                                                                     , 
 ,                                                                                                                                                , OnGoing     , "Hana, Bobi"                 ,        , -->Tasks\Processes\..Outreach..TwitchStreaming<                                                                                                                                                                                                                                                                                                                                                    , 
 , 120                                                                                                                                            , TODO        , "Hana, Bobi"                 , 120    , -->Tasks\Processes\..Outreach..TwitchStreaming..Baseline<                                                                                                                                                                                                                                                                                                                                          , 
 ,                                                                                                                                                , OnGoing     , "Bobi, Hana"                 ,        , -->Tasks\Processes\..Outreach..TwitchStreaming..Updates<                                                                                                                                                                                                                                                                                                                                           , 
 ,                                                                                                                                                ,             ,                              ,        , -->Tasks\Processes\..Technical<                                                                                                                                                                                                                                                                                                                                                                    , 
 , 15                                                                                                                                             , Done        , Bobi                         , 15     , "-->Tasks\Processes\..Technical..""Publishing the F2Tool extension to VS Code MarketPlace""<"                                                                                                                                                                                                                                                                                                      , 
 ,                                                                                                                                                ,             ,                              ,        , -->Tasks\Processes\..ERROR<                                                                                                                                                                                                                                                                                                                                                                        , 
 ,                                                                                                                                                ,             ,                              ,        , -->Tasks\Software\<                                                                                                                                                                                                                                                                                                                                                                                , 
 ,                                                                                                                                                ,             ,                              ,        , -->Tasks\Software\F2FileToHtmlConverter\<                                                                                                                                                                                                                                                                                                                                                          , 
 ,                                                                                                                                                ,             , "Bobi, Gaurav"               ,        , -->Tasks\Software\F2FileToHtmlConverter\..F2FileToHtmlConverter<                                                                                                                                                                                                                                                                                                                                   , 
 ,                                                                                                                                                , Done        , Bobi                         ,        , "-->Tasks\Software\F2FileToHtmlConverter\..F2FileToHtmlConverter..""Create Requirement""<"                                                                                                                                                                                                                                                                                                         , 
 , 3 hours                                                                                                                                        , Done        , "Gaurav, Bobi"               ,        , "-->Tasks\Software\F2FileToHtmlConverter\..F2FileToHtmlConverter..""Create Requirement""..""Create HTML format specification""<"                                                                                                                                                                                                                                                                   , 
 ,                                                                                                                                                , Done        , Bobi                         ,        , "-->Tasks\Software\F2FileToHtmlConverter\..F2FileToHtmlConverter..""Create Requirement""..""Finish the requirement""<"                                                                                                                                                                                                                                                                             , 
 ,                                                                                                                                                , InProgress  ,                              ,        , -->Tasks\Software\F2FileToHtmlConverter\..F2FileToHtmlConverter..Development<                                                                                                                                                                                                                                                                                                                      , 
 ,                                                                                                                                                , Done        ,                              ,        , -->Tasks\Software\F2FileToHtmlConverter\..F2FileToHtmlConverter..Development..ZerothPhase<                                                                                                                                                                                                                                                                                                         , 
 ,                                                                                                                                                , Closed      ,                              ,        , "-->Tasks\Software\F2FileToHtmlConverter\..F2FileToHtmlConverter..Development..ZerothPhase..""Create initial version""<"                                                                                                                                                                                                                                                                           , 
 ,                                                                                                                                                , Done        , Bobi                         ,        , -->Tasks\Software\F2FileToHtmlConverter\..F2FileToHtmlConverter..Development..FirstPhase<                                                                                                                                                                                                                                                                                                          , 
 ,                                                                                                                                                , Done        , Bobi                         ,        , "-->Tasks\Software\F2FileToHtmlConverter\..F2FileToHtmlConverter..Development..FirstPhase..""Plan the implementation""<"                                                                                                                                                                                                                                                                           , 
 ,                                                                                                                                                , Done        , Bobi                         ,        , "-->Tasks\Software\F2FileToHtmlConverter\..F2FileToHtmlConverter..Development..FirstPhase..""Refactor the existing code""<"                                                                                                                                                                                                                                                                        , 
 ,                                                                                                                                                , Done        , Bobi                         ,        , "-->Tasks\Software\F2FileToHtmlConverter\..F2FileToHtmlConverter..Development..FirstPhase..""Implement reading the config file""<"                                                                                                                                                                                                                                                                 , 
 ,                                                                                                                                                , Done        , Bobi                         ,        , "-->Tasks\Software\F2FileToHtmlConverter\..F2FileToHtmlConverter..Development..FirstPhase..""Implement the yaml to html converter""<"                                                                                                                                                                                                                                                              , 
 ,                                                                                                                                                , Done        , Bobi                         ,        , "-->Tasks\Software\F2FileToHtmlConverter\..F2FileToHtmlConverter..Development..FirstPhase..""Implement saving the json""<"                                                                                                                                                                                                                                                                         , 
 ,                                                                                                                                                , Done        , Bobi                         ,        , "-->Tasks\Software\F2FileToHtmlConverter\..F2FileToHtmlConverter..Development..FirstPhase..""Missed parts""<"                                                                                                                                                                                                                                                                                      , 
 ,                                                                                                                                                , Cancelled   , Bobi                         ,        , -->Tasks\Software\F2FileToHtmlConverter\..F2FileToHtmlConverter..Development..FirstPhase..Improvements<                                                                                                                                                                                                                                                                                            , 
 ,                                                                                                                                                , Cancelled   ,                              ,        , "-->Tasks\Software\F2FileToHtmlConverter\..F2FileToHtmlConverter..Development..FirstPhase..Improvements..""Move the YamlParser into a project so that it can be referenced from multiple projects""<"                                                                                                                                                                                              , 
 ,                                                                                                                                                , Cancelled   , Bobi                         ,        , "-->Tasks\Software\F2FileToHtmlConverter\..F2FileToHtmlConverter..Development..FirstPhase..Improvements..""Recognize properties and subitems based on their appearance in the configured .yamls""<"                                                                                                                                                                                                , 
 ,                                                                                                                                                , Cancelled   ,                              ,        , "-->Tasks\Software\F2FileToHtmlConverter\..F2FileToHtmlConverter..Development..FirstPhase..Improvements..""Recognize properties and subitems based on their appearance in the configured .yamls""..""Create and parse config for the paths of files containing class and enum descriptions""<"                                                                                                     , 
 ,                                                                                                                                                , Cancelled   ,                              ,        , "-->Tasks\Software\F2FileToHtmlConverter\..F2FileToHtmlConverter..Development..FirstPhase..Improvements..""Recognize properties and subitems based on their appearance in the configured .yamls""..""Go through the files, parse the yamls in them, get the values the enum members and property description""<"                                                                                   , 
 ,                                                                                                                                                , Cancelled   ,                              ,        , "-->Tasks\Software\F2FileToHtmlConverter\..F2FileToHtmlConverter..Development..FirstPhase..Improvements..""Recognize properties and subitems based on their appearance in the configured .yamls""..""A map key is a SubItem if it either starts with a ""."" or the first word is one of the enum statuses, otherwise""<"                                                                          , 
 ,                                                                                                                                                , Done        ,                              ,        , -->Tasks\Software\F2FileToHtmlConverter\..F2FileToHtmlConverter..Development..FirstPhase..Fixes<                                                                                                                                                                                                                                                                                                   , 
 ,                                                                                                                                                , Done        , Bobi                         ,        , "-->Tasks\Software\F2FileToHtmlConverter\..F2FileToHtmlConverter..Development..FirstPhase..Fixes..""Use the style in the yaml in the html for rendering""<"                                                                                                                                                                                                                                        , 
 ,                                                                                                                                                , Done        ,                              ,        , "-->Tasks\Software\F2FileToHtmlConverter\..F2FileToHtmlConverter..Development..FirstPhase..Fixes..""Use nbsp for indending strings""<"                                                                                                                                                                                                                                                             , 
 ,                                                                                                                                                , Done        ,                              ,        , "-->Tasks\Software\F2FileToHtmlConverter\..F2FileToHtmlConverter..Development..FirstPhase..Fixes..""Recognize subItems - if the 2nd word starts with a .""<"                                                                                                                                                                                                                                       , 
 ,                                                                                                                                                , Done        ,                              ,        , "-->Tasks\Software\F2FileToHtmlConverter\..F2FileToHtmlConverter..Development..FirstPhase..Fixes..""Fix the coloring of subitems vs properties""<"                                                                                                                                                                                                                                                 , 
 ,                                                                                                                                                , Cancelled   ,                              ,        , "-->Tasks\Software\F2FileToHtmlConverter\..F2FileToHtmlConverter..Development..FirstPhase..Fixes..""Fix map in sequence case""<"                                                                                                                                                                                                                                                                   , 
 ,                                                                                                                                                , Cancelled   , Bobi                         ,        , "-->Tasks\Software\F2FileToHtmlConverter\..F2FileToHtmlConverter..Development..FirstPhase..""Final refactoring""<"                                                                                                                                                                                                                                                                                 , 
 ,                                                                                                                                                , InProgress  ,                              ,        , -->Tasks\Software\F2FileToHtmlConverter\..F2FileToHtmlConverter..Development..SecondPhase<                                                                                                                                                                                                                                                                                                         , 
 ,                                                                                                                                                , Done        , Bobi                         ,        , -->Tasks\Software\F2FileToHtmlConverter\..F2FileToHtmlConverter..Development..SecondPhase..UpdateTheGeneratorScript<                                                                                                                                                                                                                                                                               , 
 ,                                                                                                                                                , Done        , "Hana, Giselle"              ,        , "-->Tasks\Software\F2FileToHtmlConverter\..F2FileToHtmlConverter..Development..SecondPhase..""Sync color coding with Barba.Types""<"                                                                                                                                                                                                                                                               , 
 ,                                                                                                                                                , InProgress  , Bobi                         ,        , -->Tasks\Software\F2FileToHtmlConverter\..F2FileToHtmlConverter..Development..SecondPhase..EmptyLines<                                                                                                                                                                                                                                                                                             , 
 , 60                                                                                                                                             , Done        , Bobi                         , 0      , "-->Tasks\Software\F2FileToHtmlConverter\..F2FileToHtmlConverter..Development..SecondPhase..EmptyLines..""Move the yaml parser to a separate project in The F2Tools project""<"                                                                                                                                                                                                                    , 
 , 120                                                                                                                                            , InProgress  , Bobi                         , 60     , -->Tasks\Software\F2FileToHtmlConverter\..F2FileToHtmlConverter..Development..SecondPhase..EmptyLines..Implement<                                                                                                                                                                                                                                                                                  , 
 , 120                                                                                                                                            , Done        , Bobi                         , 0      , "-->Tasks\Software\F2FileToHtmlConverter\..F2FileToHtmlConverter..Development..SecondPhase..""Fix the non-scalar as a sequence entry folding issue""<"                                                                                                                                                                                                                                             , 
 , 10                                                                                                                                             , Done        , Bobi                         , 0      , "-->Tasks\Software\F2FileToHtmlConverter\..F2FileToHtmlConverter..Development..SecondPhase..""Add the config files to the project""<"                                                                                                                                                                                                                                                              , 
 , 30                                                                                                                                             , EstTODO     , Bobi                         , 30     , "-->Tasks\Software\F2FileToHtmlConverter\..F2FileToHtmlConverter..Development..SecondPhase..""Merge the project into the F2Tool solution""<"                                                                                                                                                                                                                                                       , 
 , 60                                                                                                                                             , EstTODO     , Bobi                         , 60     , "-->Tasks\Software\F2FileToHtmlConverter\..F2FileToHtmlConverter..Development..SecondPhase..""Detect and convert urls""<"                                                                                                                                                                                                                                                                          , 
 , 15                                                                                                                                             , Done        , Bobi                         , 0      , "-->Tasks\Software\F2FileToHtmlConverter\..F2FileToHtmlConverter..Development..SecondPhase..""Display line and col number when unable to parse yaml""<"                                                                                                                                                                                                                                            , 
 , 15                                                                                                                                             , EstTODO     , Bobi                         , 15     , "-->Tasks\Software\F2FileToHtmlConverter\..F2FileToHtmlConverter..Development..SecondPhase..""Update the colors to the current VS Code theme""<"                                                                                                                                                                                                                                                   , 
 , 90                                                                                                                                             , EstTODO     , Bobi                         , 90     , "-->Tasks\Software\F2FileToHtmlConverter\..F2FileToHtmlConverter..Development..SecondPhase..""Detect and convert f2yaml links""<"                                                                                                                                                                                                                                                                  , 
 , 45                                                                                                                                             , Done        , Bobi                         , 45     , -->Tasks\Software\F2FileToHtmlConverter\..F2FileToHtmlConverter..Development..SecondPhase..Cleanups<                                                                                                                                                                                                                                                                                               , 
 ,                                                                                                                                                , Done        , Bobi                         ,        , "-->Tasks\Software\F2FileToHtmlConverter\..F2FileToHtmlConverter..Development..SecondPhase..""Implement CSV converting feature""<"                                                                                                                                                                                                                                                                 , 
 , 120                                                                                                                                            , Done        , Bobi                         , 0      , "-->Tasks\Software\F2FileToHtmlConverter\..F2FileToHtmlConverter..Development..SecondPhase..""Implement CSV converting feature""..Baseline<"                                                                                                                                                                                                                                                       , 
 , 60                                                                                                                                             , Done        , Bobi                         , 0      , "-->Tasks\Software\F2FileToHtmlConverter\..F2FileToHtmlConverter..Development..SecondPhase..""Implement CSV converting feature""..""Ability to specify which columns to be converted in config""<"                                                                                                                                                                                                 , 
 , 30                                                                                                                                             , Done        , Bobi                         , 0      , "-->Tasks\Software\F2FileToHtmlConverter\..F2FileToHtmlConverter..Development..SecondPhase..""Implement CSV converting feature""..""Include coloring""<"                                                                                                                                                                                                                                           , 
 , 70                                                                                                                                             , EstTODO     , Bobi                         , 70     , "-->Tasks\Software\F2FileToHtmlConverter\..F2FileToHtmlConverter..Development..SecondPhase..""Add ""Commit message""-like feature""<"                                                                                                                                                                                                                                                              , 
 ,                                                                                                                                                , TODO        ,                              ,        , "-->Tasks\Software\F2FileToHtmlConverter\..F2FileToHtmlConverter..Development..SecondPhase..""Add ""Commit message""-like feature""..""Decide:_ where should the commit message provided and how?""<"                                                                                                                                                                                              , 
 ,                                                                                                                                                , InProgress  ,                              ,        , "-->Tasks\Software\F2FileToHtmlConverter\..F2FileToHtmlConverter..Development..SecondPhase..""Add ""Commit message""-like feature""..""Decide:_ how should we handle the whole thing""<"                                                                                                                                                                                                           , 
 ,                                                                                                                                                , OnGoing     ,                              ,        , -->Tasks\Software\F2FileToHtmlConverter\..F2FileToHtmlConverter..Bugs<                                                                                                                                                                                                                                                                                                                             , 
 ,                                                                                                                                                ,             ,                              ,        , -->Tasks\Software\F2FinanceHelper\<                                                                                                                                                                                                                                                                                                                                                                , 
 ,                                                                                                                                                , TODO        ,                              ,        , "-->Tasks\Software\F2FinanceHelper\..""Placeholder:_ Implement""<"                                                                                                                                                                                                                                                                                                                                 , 
 ,                                                                                                                                                ,             ,                              ,        , -->Tasks\Software\F2ToolsExtension\<                                                                                                                                                                                                                                                                                                                                                               , 
 ,                                                                                                                                                , OnGoing     ,                              ,        , -->Tasks\Software\F2ToolsExtension\..TaskifyReqs<                                                                                                                                                                                                                                                                                                                                                  , 
 ,                                                                                                                                                ,             ,                              ,        , -->Tasks\Software\F2ToolsExtension\..Tasks<                                                                                                                                                                                                                                                                                                                                                        , 
 ,                                                                                                                                                , OnGoing     ,                              ,        , -->Tasks\Software\F2ToolsExtension\..Tasks..EstimateTaskify<                                                                                                                                                                                                                                                                                                                                       , 
 , 15m                                                                                                                                            , Closed      , Gaurav                       ,        , "-->Tasks\Software\F2ToolsExtension\..Tasks..""Create the F2ToolsExtension""<"                                                                                                                                                                                                                                                                                                                     , 
 , "\n1h: PAR time\n\n, \n12h: normal time\n\n"                                                                                                   , Closed      , Gaurav                       ,        , "-->Tasks\Software\F2ToolsExtension\..Tasks..""Add the Extract F2Yaml link functionality""<"                                                                                                                                                                                                                                                                                                       , "-->Tasks\Software\F2ToolsExtension\.Tasks..""Create the F2ToolsExtension""<"
 ,                                                                                                                                                ,             ,                              ,        , "-->Tasks\Software\F2ToolsExtension\..Tasks..""Add the Extract F2Yaml link functionality"".Estimation..ERROR..ERROR<"                                                                                                                                                                                                                                                                              , 
 ,                                                                                                                                                ,             ,                              ,        , "-->Tasks\Software\F2ToolsExtension\..Tasks..""Add the Extract F2Yaml link functionality"".Estimation..ERROR..ERROR<"                                                                                                                                                                                                                                                                              , 
 , 2hrs                                                                                                                                           , Cancelled   , Gaurav                       ,        , "-->Tasks\Software\F2ToolsExtension\..Tasks..""Create Extension with snippets""<"                                                                                                                                                                                                                                                                                                                  , 
 , 1hr                                                                                                                                            , Done        ,                              ,        , "-->Tasks\Software\F2ToolsExtension\..Tasks..""Create Extension with snippets""..""Understand all the snippets that are needed to be made""<"                                                                                                                                                                                                                                                      , 
 ,                                                                                                                                                , Closed      ,                              ,        , "-->Tasks\Software\F2ToolsExtension\..Tasks..""Create an extension that generates SR""<"                                                                                                                                                                                                                                                                                                           , 
 ,                                                                                                                                                , InProgress  , Gaurav                       ,        , -->Tasks\Software\F2ToolsExtension\..Tasks..WorklogCreation<                                                                                                                                                                                                                                                                                                                                       , 
 ,                                                                                                                                                , TODO        , Gaurav                       ,        , "-->Tasks\Software\F2ToolsExtension\..Tasks..WorklogCreation..""Create a feature that marks the StandupReport as alreadyprocessed after the worklog is generated from it""<"                                                                                                                                                                                                                       , 
 ,                                                                                                                                                , InProgress  ,                              ,        , "-->Tasks\Software\F2ToolsExtension\..Tasks..WorklogCreation..""Fix Bugs""<"                                                                                                                                                                                                                                                                                                                       , 
 ,                                                                                                                                                , Closed      ,                              ,        , "-->Tasks\Software\F2ToolsExtension\..Tasks..""Add the Extract F2Yaml link functionality in the Time-Tracker""<"                                                                                                                                                                                                                                                                                   , 
 ,                                                                                                                                                , Closed      , Gaurav                       ,        , -->Tasks\Software\F2ToolsExtension\..Tasks..LiveLinks<                                                                                                                                                                                                                                                                                                                                             , 
 ,                                                                                                                                                , Closed      , Gaurav                       ,        , "-->Tasks\Software\F2ToolsExtension\..Tasks..""Merge the VSIX-es together""<"                                                                                                                                                                                                                                                                                                                      , 
 ,                                                                                                                                                , Closed      , "Gaurav, Bobi"               ,        , "-->Tasks\Software\F2ToolsExtension\..Tasks..""Publish the VSIX on VSCode marketplace""<"                                                                                                                                                                                                                                                                                                          , 
 ,                                                                                                                                                , Closed      ,                              ,        , "-->Tasks\Software\F2ToolsExtension\..Tasks..""Detect if the cursor is on a Task and show error if not""<"                                                                                                                                                                                                                                                                                         , 
 ,                                                                                                                                                , Closed      , Gaurav                       ,        , "-->Tasks\Software\F2ToolsExtension\..Tasks..""Create the CSV Entry Generation functionality""<"                                                                                                                                                                                                                                                                                                   , 
 ,                                                                                                                                                , Done        , Gaurav                       ,        , -->Tasks\Software\F2ToolsExtension\..Tasks..F2ToolsConsolidation20250618<                                                                                                                                                                                                                                                                                                                          , 
 ,                                                                                                                                                , Done        ,                              ,        , "-->Tasks\Software\F2ToolsExtension\..Tasks..F2ToolsConsolidation20250618..""Prioritize andor consolidate the Bugfixes after Requirement consolidation""<"                                                                                                                                                                                                                                         , 
 ,                                                                                                                                                , Done        , Bobi                         ,        , "-->Tasks\Software\F2ToolsExtension\..Tasks..""Wrap up the first phase of VSIX development""<"                                                                                                                                                                                                                                                                                                     , 
 ,                                                                                                                                                , Done        , Hana                         ,        , "-->Tasks\Software\F2ToolsExtension\..Tasks..""Wrap up the first phase of VSIX development""..Test<"                                                                                                                                                                                                                                                                                               , 
 ,                                                                                                                                                , Done        , Bobi                         ,        , "-->Tasks\Software\F2ToolsExtension\..Tasks..""Wrap up the first phase of VSIX development""..""Cleaning up the remaining Bugs in VSIX""<"                                                                                                                                                                                                                                                         , 
 ,                                                                                                                                                , Done        , Bobi                         ,        , "-->Tasks\Software\F2ToolsExtension\..Tasks..""Wrap up the first phase of VSIX development""..""Update readme""<"                                                                                                                                                                                                                                                                                  , 
 ,                                                                                                                                                , OnGoing     , Bobi                         ,        , -->Tasks\Software\F2ToolsExtension\..Tasks..Refactorings<                                                                                                                                                                                                                                                                                                                                          , 
 ,                                                                                                                                                , Done        , Bobi                         ,        , -->Tasks\Software\F2ToolsExtension\..Tasks..Refactorings..RenameToF2YamlWorkspaceItem<                                                                                                                                                                                                                                                                                                             , 
 , 20                                                                                                                                             , Done        , Bobi                         , 20     , -->Tasks\Software\F2ToolsExtension\..Tasks..Refactorings..CustomProperties<                                                                                                                                                                                                                                                                                                                        , 
 , 20                                                                                                                                             , Done        , Bobi                         , 20     , "-->Tasks\Software\F2ToolsExtension\..Tasks..Refactorings..CustomProperties..""Update the implementation by storing the correct types""<"                                                                                                                                                                                                                                                          , 
 , 240                                                                                                                                            , EstTODO     , Bobi                         , 240    , -->Tasks\Software\F2ToolsExtension\..Tasks..Refactorings..TypeDescriptionSupport<                                                                                                                                                                                                                                                                                                                  , 
 ,                                                                                                                                                , TODO        , Bobi                         ,        , "-->Tasks\Software\F2ToolsExtension\..Tasks..Refactorings..TypeDescriptionSupport..""Non-Item ClassDescription""<"                                                                                                                                                                                                                                                                                 , 
 ,                                                                                                                                                , Done        , Bobi                         ,        , -->Tasks\Software\F2ToolsExtension\..Tasks..Refactorings..DoubleLinkedLists<                                                                                                                                                                                                                                                                                                                       , 
 ,                                                                                                                                                , Done        ,                              ,        , "-->Tasks\Software\F2ToolsExtension\..Tasks..Refactorings..DoubleLinkedLists..""Decide:_ Should collection properties (the ones denoted by []) and their (Item) values reference each other?""<"                                                                                                                                                                                                   , 
 , 60                                                                                                                                             , Done        , Bobi                         , 60     , "-->Tasks\Software\F2ToolsExtension\..Tasks..Refactorings..DoubleLinkedLists..""If decided, implement the decision""<"                                                                                                                                                                                                                                                                             , 
 ,                                                                                                                                                , Done        , Bobi                         ,        , "-->Tasks\Software\F2ToolsExtension\..Tasks..Refactorings..""Decide:_ how do we store information about F2Links (and their referenced Items)?""<"                                                                                                                                                                                                                                                  , 
 ,                                                                                                                                                , InProgress  , Bobi                         ,        , "-->Tasks\Software\F2ToolsExtension\..Tasks..Refactorings..""F2Link generation through F2YamlWorkspaceItem""<"                                                                                                                                                                                                                                                                                     , 
 , 60                                                                                                                                             , InProgress  , Bobi                         , 60     , "-->Tasks\Software\F2ToolsExtension\..Tasks..Refactorings..""Store yaml representation information in F2YamlWorkspaceItem-s""<"                                                                                                                                                                                                                                                                    , 
 , 25                                                                                                                                             , Done        , Bobi                         , 25     , "-->Tasks\Software\F2ToolsExtension\..Tasks..Refactorings..""Store yaml representation information in F2YamlWorkspaceItem-s""..""Store further information""<"                                                                                                                                                                                                                                     , 
 , 20                                                                                                                                             , Done        , Bobi                         , 20     , -->Tasks\Software\F2ToolsExtension\..Tasks..Refactorings..IsValidItemHeader<                                                                                                                                                                                                                                                                                                                       , 
 ,                                                                                                                                                , Done        , Bobi                         ,        , "-->Tasks\Software\F2ToolsExtension\..Tasks..Refactorings..""Implement and upgrade functionality about recognizing and parsing ItemYamls""<"                                                                                                                                                                                                                                                       , 
 , 120                                                                                                                                            , OnGoing     , Bobi                         , 30     , "-->Tasks\Software\F2ToolsExtension\..Tasks..""Create proper basic Item structures library""<"                                                                                                                                                                                                                                                                                                     , 
 ,                                                                                                                                                , Done        , Bobi                         ,        , "-->Tasks\Software\F2ToolsExtension\..Tasks..""Create proper basic Item structures library""..""Update parsing of properties""<"                                                                                                                                                                                                                                                                   , 
 ,                                                                                                                                                , InProgress  , Bobi                         ,        , "-->Tasks\Software\F2ToolsExtension\..Tasks..""Create proper basic Item structures library""..ItemYamlGeneration<"                                                                                                                                                                                                                                                                                 , 
 ,                                                                                                                                                , Done        , Bobi                         ,        , "-->Tasks\Software\F2ToolsExtension\..Tasks..""Create proper basic Item structures library""..ItemYamlGeneration..WriteTheCode<"                                                                                                                                                                                                                                                                   , 
 ,                                                                                                                                                , InProgress  , Bobi                         ,        , "-->Tasks\Software\F2ToolsExtension\..Tasks..""Create proper basic Item structures library""..ItemYamlGeneration..TestAndFix<"                                                                                                                                                                                                                                                                     , 
 , 30                                                                                                                                             , EstTODO     , "Bobi, Gaurav"               ,        , -->Tasks\Software\F2ToolsExtension\..Tasks..StopTTAtShutdown<                                                                                                                                                                                                                                                                                                                                      , 
 , 30                                                                                                                                             , EstTODO     , Bobi                         , 30     , -->Tasks\Software\F2ToolsExtension\..Tasks..TTIdLinks<                                                                                                                                                                                                                                                                                                                                             , 
 ,                                                                                                                                                ,             ,                              ,        , -->Tasks\Software\F2ToolsExtension\..Tasks..TTIdLinks.Comments..ERROR..ERROR<                                                                                                                                                                                                                                                                                                                      , 
 ,                                                                                                                                                , InProgress  , Bobi                         ,        , -->Tasks\Software\F2ToolsExtension\..Tasks..QueryBasedCSV<                                                                                                                                                                                                                                                                                                                                         , 
 , 10                                                                                                                                             , Done        , Bobi                         , 0      , "-->Tasks\Software\F2ToolsExtension\..Tasks..QueryBasedCSV..""Registers commands""<"                                                                                                                                                                                                                                                                                                               , 
 ,                                                                                                                                                , InProgress  , Bobi                         ,        , -->Tasks\Software\F2ToolsExtension\..Tasks..QueryBasedCSV..Execute<                                                                                                                                                                                                                                                                                                                                , 
 , 90                                                                                                                                             , InProgress  , Bobi                         , 60     , -->Tasks\Software\F2ToolsExtension\..Tasks..QueryBasedCSV..Execute..Verify<                                                                                                                                                                                                                                                                                                                        , 
 , 180                                                                                                                                            , InProgress  , Bobi                         , 180    , -->Tasks\Software\F2ToolsExtension\..Tasks..QueryBasedCSV..Execute..BasicExecute<                                                                                                                                                                                                                                                                                                                  , 
 , 180                                                                                                                                            , NEXT        , Bobi                         , 180    , -->Tasks\Software\F2ToolsExtension\..Tasks..QueryBasedCSV..Execute..Filter<                                                                                                                                                                                                                                                                                                                        , -->...BasicExecute<
 , 180                                                                                                                                            , EstTODO     , Bobi                         , 180    , -->Tasks\Software\F2ToolsExtension\..Tasks..QueryBasedCSV..WriteBack<                                                                                                                                                                                                                                                                                                                              , 
 ,                                                                                                                                                , TODO        , Bobi                         ,        , -->Tasks\Software\F2ToolsExtension\..Tasks..F2LinkClass<                                                                                                                                                                                                                                                                                                                                           , 
 ,                                                                                                                                                , TODO        , Bobi                         ,        , "-->Tasks\Software\F2ToolsExtension\..Tasks..F2LinkClass..""Update link parsing according to the new specification""<"                                                                                                                                                                                                                                                                             , 
 ,                                                                                                                                                , TODO        , Bobi                         ,        , "-->Tasks\Software\F2ToolsExtension\..Tasks..F2LinkClass..""Create a method which generates F2Links""<"                                                                                                                                                                                                                                                                                            , 
 ,                                                                                                                                                , EstTODO     , Bobi                         ,        , -->Tasks\Software\F2ToolsExtension\..Tasks..ReplaceLinks<                                                                                                                                                                                                                                                                                                                                          , 
 , 10                                                                                                                                             , EstTODO     , Bobi                         , 10     , "-->Tasks\Software\F2ToolsExtension\..Tasks..ReplaceLinks..""Register commands""<"                                                                                                                                                                                                                                                                                                                 , 
 , 60                                                                                                                                             , EstTODO     , Bobi                         , 60     , -->Tasks\Software\F2ToolsExtension\..Tasks..ReplaceLinks..MarkF2LinksForReplace<                                                                                                                                                                                                                                                                                                                   , 
 , 45                                                                                                                                             , EstTODO     , Bobi                         , 45     , -->Tasks\Software\F2ToolsExtension\..Tasks..ReplaceLinks..ReplaceMarkedToIdLink<                                                                                                                                                                                                                                                                                                                   , 
 , 20                                                                                                                                             , EstTODO     , Bobi                         , 15     , -->Tasks\Software\F2ToolsExtension\..Tasks..ReplaceLinks..ReplaceMarkedTo<                                                                                                                                                                                                                                                                                                                         , 
 , 30                                                                                                                                             , InProgress  , Bobi                         , 30     , -->Tasks\Software\F2ToolsExtension\..Tasks..MorePrefix<                                                                                                                                                                                                                                                                                                                                            , 
 , 90                                                                                                                                             , InProgress  , Bobi                         , 90     , -->Tasks\Software\F2ToolsExtension\..Tasks..LocalLinks<                                                                                                                                                                                                                                                                                                                                            , 
 , 30                                                                                                                                             , InProgress  , Bobi                         , 30     , -->Tasks\Software\F2ToolsExtension\..Tasks..FilePathLink<                                                                                                                                                                                                                                                                                                                                          , 
 , 60                                                                                                                                             , InProgress  , Bobi                         , 60     , -->Tasks\Software\F2ToolsExtension\..Tasks..TextOutput<                                                                                                                                                                                                                                                                                                                                            , 
 ,                                                                                                                                                , Done        , Bobi                         ,        , -->Tasks\Software\F2ToolsExtension\..Tasks..TextOutput..Implement<                                                                                                                                                                                                                                                                                                                                 , 
 ,                                                                                                                                                , Done        , Bobi                         ,        , "-->Tasks\Software\F2ToolsExtension\..Tasks..TextOutput..""Upgrade the logger to be a log output""<"                                                                                                                                                                                                                                                                                               , 
 ,                                                                                                                                                , TODO        , Bobi                         ,        , "-->Tasks\Software\F2ToolsExtension\..Tasks..TextOutput..""Create the concept and the Tasks for the others""<"                                                                                                                                                                                                                                                                                     , 
 , 40                                                                                                                                             , InProgress  , Bobi                         , 40     , -->Tasks\Software\F2ToolsExtension\..Tasks..F2LinkEscaping<                                                                                                                                                                                                                                                                                                                                        , 
 ,                                                                                                                                                , OnGoing     ,                              ,        , "-->Tasks\Software\F2ToolsExtension\..Tasks..""Publication to marketplace""<"                                                                                                                                                                                                                                                                                                                      , 
 , 30                                                                                                                                             , Done        , Bobi                         , 0      , "-->Tasks\Software\F2ToolsExtension\..Tasks..""Publication to marketplace""..""Write initial changelog.md""<"                                                                                                                                                                                                                                                                                      , 
 , 30                                                                                                                                             , Done        , Bobi                         , 0      , "-->Tasks\Software\F2ToolsExtension\..Tasks..""Publication to marketplace""..""Write initial readme.md""<"                                                                                                                                                                                                                                                                                         , 
 , 90                                                                                                                                             , EstTODO     , Bobi                         , 90     , "-->Tasks\Software\F2ToolsExtension\..Tasks..""Publication to marketplace""..""Create proper readme""<"                                                                                                                                                                                                                                                                                            , 
 , 60                                                                                                                                             , EstTODO     , Bobi                         , 60     , "-->Tasks\Software\F2ToolsExtension\..Tasks..""Publication to marketplace""..""Create License""<"                                                                                                                                                                                                                                                                                                  , 
 , 15                                                                                                                                             , Done        , Bobi                         , 0      , "-->Tasks\Software\F2ToolsExtension\..Tasks..""Publication to marketplace""..""V2.0.25""<"                                                                                                                                                                                                                                                                                                         , 
 , 15                                                                                                                                             , Done        , Bobi                         , 0      , "-->Tasks\Software\F2ToolsExtension\..Tasks..""Publication to marketplace""..""V2.0.26""<"                                                                                                                                                                                                                                                                                                         , 
 ,                                                                                                                                                ,             ,                              ,        , -->Tasks\Software\F2ToolsExtensionContent\<                                                                                                                                                                                                                                                                                                                                                        , 
 ,                                                                                                                                                ,             ,                              ,        , -->Tasks\Website\<                                                                                                                                                                                                                                                                                                                                                                                 , 
 ,                                                                                                                                                , Closed      ,                              ,        , -->Tasks\Website\..Minimal<                                                                                                                                                                                                                                                                                                                                                                        , 
 ,                                                                                                                                                , Done        ,                              ,        , -->Tasks\Website\..WebsiteBasic<                                                                                                                                                                                                                                                                                                                                                                   , 
 ,                                                                                                                                                , Done        , "Shadow, Bobi"               ,        , -->Tasks\Website\..WebsiteBasic..SetUpOnCloudflare<                                                                                                                                                                                                                                                                                                                                                , 
 ,                                                                                                                                                , Done        , Shadow                       ,        , "-->Tasks\Website\..WebsiteBasic..""Create basic website architecture""<"                                                                                                                                                                                                                                                                                                                          , 
 ,                                                                                                                                                , Done        , Shadow                       ,        , "-->Tasks\Website\..WebsiteBasic..""Create basic website design""<"                                                                                                                                                                                                                                                                                                                                , 
 ,                                                                                                                                                , Done        , Utkarsh                      ,        , "-->Tasks\Website\..WebsiteBasic..""Create basic website design""..""website final design - basic""<"                                                                                                                                                                                                                                                                                              , 
 ,                                                                                                                                                , Done        , "Bobi, Hana, Gaurav, Shadow" ,        , "-->Tasks\Website\..WebsiteBasic..""Decide how exactly we should be handling the ""deepdive"" section""<"                                                                                                                                                                                                                                                                                          , 
 ,                                                                                                                                                , Paused      , "Bobi, everyone"             ,        , -->Tasks\Website\..WebsiteBasic..UploadVideoToYoutube<                                                                                                                                                                                                                                                                                                                                             , 
 ,                                                                                                                                                , Done        , Shadow                       ,        , -->Tasks\Website\..WebsiteBasic..Site<                                                                                                                                                                                                                                                                                                                                                             , 
 ,                                                                                                                                                , Done        , Shadow                       ,        , "-->Tasks\Website\..WebsiteBasic..Site..""Develop the Summary page""<"                                                                                                                                                                                                                                                                                                                             , 
 ,                                                                                                                                                , Done        , Shadow                       ,        , "-->Tasks\Website\..WebsiteBasic..Site..""Develop the Summary page""..""Create the main summary section""<"                                                                                                                                                                                                                                                                                        , 
 ,                                                                                                                                                , Done        , Shadow                       ,        , "-->Tasks\Website\..WebsiteBasic..Site..""Develop the Summary page""..""Create the main summary section""..""Create the page with Lorem Ipsum""<"                                                                                                                                                                                                                                                  , 
 ,                                                                                                                                                , Done        , Shadow                       ,        , "-->Tasks\Website\..WebsiteBasic..Site..""Develop the Summary page""..""Create the main summary section""..""Incorporate the content""<"                                                                                                                                                                                                                                                           , "-->Tasks\Website\..""Initial Website""..""Create Website content""..""LandingPage""..""Create content for the Contribute section""<"
 ,                                                                                                                                                , Done        , Shadow                       ,        , "-->Tasks\Website\..WebsiteBasic..Site..""Develop the Summary page""..""Create the FAQ section""<"                                                                                                                                                                                                                                                                                                 , 
 ,                                                                                                                                                , Done        , Shadow                       ,        , "-->Tasks\Website\..WebsiteBasic..Site..""Develop the Summary page""..""Create the Discussion section""<"                                                                                                                                                                                                                                                                                          , 
 ,                                                                                                                                                , Cancelled   , Shadow                       ,        , "-->Tasks\Website\..WebsiteBasic..Site..""Create Bubble feature that shows some explanations when the mouse hover on a word (Like wikipedia)""<"                                                                                                                                                                                                                                                   , 
 ,                                                                                                                                                , Done        , Shadow                       ,        , "-->Tasks\Website\..WebsiteBasic..Site..""Develop the article page""<"                                                                                                                                                                                                                                                                                                                             , 
 ,                                                                                                                                                , Done        , Shadow                       ,        , "-->Tasks\Website\..WebsiteBasic..Site..""Create a report comparing third-party services that offer article commenting features""<"                                                                                                                                                                                                                                                                , 
 ,                                                                                                                                                , Done        , Shadow                       ,        , "-->Tasks\Website\..WebsiteBasic..Site.."" Choose third-party service. (Hyvor Talk)""<"                                                                                                                                                                                                                                                                                                            , 
 ,                                                                                                                                                , Done        , "Bobi, Shadow"               ,        , -->Tasks\Website\..WebsiteBasic..AccessesAndCredentials<                                                                                                                                                                                                                                                                                                                                           , 
 ,                                                                                                                                                , Done        ,                              ,        , "-->Tasks\Website\..WebsiteBasic..""Create and configure the comment section under the articles""<"                                                                                                                                                                                                                                                                                                , 
 ,                                                                                                                                                , Done        , Shadow                       ,        , "-->Tasks\Website\..WebsiteBasic..""Setup and configure emailjs""<"                                                                                                                                                                                                                                                                                                                                , 
 ,                                                                                                                                                , Done        , Bobi                         ,        , -->Tasks\Website\..WebsiteBasic..Content<                                                                                                                                                                                                                                                                                                                                                          , 
 ,                                                                                                                                                , Done        ,                              ,        , -->Tasks\Website\..WebsiteBasic..Content..LandingPage<                                                                                                                                                                                                                                                                                                                                             , 
 ,                                                                                                                                                , Done        , Bobi                         ,        , "-->Tasks\Website\..WebsiteBasic..Content..LandingPage..""Finalize the video content""<"                                                                                                                                                                                                                                                                                                           , 
 ,                                                                                                                                                , Done        , Bobi                         ,        , -->Tasks\Website\..WebsiteBasic..Content..LandingPage..Contribute<                                                                                                                                                                                                                                                                                                                                 , 
 , 1h                                                                                                                                             , Done        , Bobi                         ,        , -->Tasks\Website\..WebsiteBasic..Content..LandingPage..Contribute..DoFeedback<                                                                                                                                                                                                                                                                                                                     , 
 ,                                                                                                                                                , Done        , Bobi                         ,        , -->Tasks\Website\..WebsiteBasic..Content..LandingPage..Contribute..DoFeedback..Baseline<                                                                                                                                                                                                                                                                                                           , 
 ,                                                                                                                                                , Done        , all                          ,        , -->Tasks\Website\..WebsiteBasic..Content..LandingPage..Contribute..DoFeedback..Review<                                                                                                                                                                                                                                                                                                             , 
 ,                                                                                                                                                , Done        , Bobi                         ,        , -->Tasks\Website\..WebsiteBasic..Content..LandingPage..FAQ<                                                                                                                                                                                                                                                                                                                                        , 
 ,                                                                                                                                                , Done        , Bobi                         ,        , "-->Tasks\Website\..WebsiteBasic..Content..LandingPage..FAQ..""Create the Landing page FAQ""<"                                                                                                                                                                                                                                                                                                     , 
 ,                                                                                                                                                , Done        , Bobi                         ,        , -->Tasks\Website\..WebsiteBasic..Content..LandingPage..FAQ..AllFAQ<                                                                                                                                                                                                                                                                                                                                , 
 ,                                                                                                                                                , OnHold      , Bobi                         ,        , -->Tasks\Website\..WebsiteBasic..Content..LandingPage..Footer<                                                                                                                                                                                                                                                                                                                                     , 
 ,                                                                                                                                                , Done        , Bobi                         ,        , "-->Tasks\Website\..WebsiteBasic..Content..""Create the main summary content""<"                                                                                                                                                                                                                                                                                                                   , 
 ,                                                                                                                                                , Done        , Shadow                       ,        , "-->Tasks\Website\..WebsiteBasic..Content..""Create the Contact page content""<"                                                                                                                                                                                                                                                                                                                   , 
 ,                                                                                                                                                , Cancelled   , Hana                         ,        , "-->Tasks\Website\..WebsiteBasic..Content..""Finding picture icon to the assigned articles""<"                                                                                                                                                                                                                                                                                                     , 
 ,                                                                                                                                                , Done        ,                              ,        , "-->Tasks\Website\..WebsiteBasic..""Update website content""<"                                                                                                                                                                                                                                                                                                                                     , 
 ,                                                                                                                                                , Done        ,                              ,        , "-->Tasks\Website\..WebsiteBasic..""Update website content""..""Summary of everything""<"                                                                                                                                                                                                                                                                                                          , 
 ,                                                                                                                                                , Done        , Shadow                       ,        , "-->Tasks\Website\..WebsiteBasic..""Update website content""..""Summary of everything""..""Migrating content to the website""<"                                                                                                                                                                                                                                                                    , 
 ,                                                                                                                                                , Paused      , "Shadow, Gaurav, Bobi"       ,        , "-->Tasks\Website\..WebsiteBasic..""Update website content""..""Merging the boxes on the Summary page""<"                                                                                                                                                                                                                                                                                          , 
 ,                                                                                                                                                , Done        , "Shadow, Gaurav"             ,        , "-->Tasks\Website\..WebsiteBasic..""Update website content""..""Fixed header""<"                                                                                                                                                                                                                                                                                                                   , 
 ,                                                                                                                                                , Done        , "Gaurav, Shadow"             ,        , "-->Tasks\Website\..WebsiteBasic..""Handover from Shadow to Gaurav about how to change things in the website""<"                                                                                                                                                                                                                                                                                   , 
 ,                                                                                                                                                , Done        ,                              ,        , "-->Tasks\Website\..WebsiteBasic..""Place feedback and Questions""<"                                                                                                                                                                                                                                                                                                                               , 
 , 30m                                                                                                                                            , Cancelled   , Bobi                         ,        , "-->Tasks\Website\..WebsiteBasic..""Place feedback and Questions""..""Implement Basic ""Quickanddirty"" version""<"                                                                                                                                                                                                                                                                                , 
 ,                                                                                                                                                , Done        , everyone                     ,        , "-->Tasks\Website\..WebsiteBasic..""Place feedback and Questions""..""Decision about it""<"                                                                                                                                                                                                                                                                                                        , 
 ,                                                                                                                                                , Done        , Shadow                       ,        , "-->Tasks\Website\..WebsiteBasic..""Place feedback and Questions""..Implement<"                                                                                                                                                                                                                                                                                                                    , 
 ,                                                                                                                                                , Done        , Shadoew                      ,        , "-->Tasks\Website\..WebsiteBasic..""Place feedback and Questions""..""Upload the site to the test environment""<"                                                                                                                                                                                                                                                                                  , 
 ,                                                                                                                                                , Done        , Shadow                       ,        , "-->Tasks\Website\..WebsiteBasic..""Place feedback and Questions""..""Connect the feedback button under the Article page""<"                                                                                                                                                                                                                                                                       , 
 ,                                                                                                                                                , Done        , Shadow                       ,        , "-->Tasks\Website\..WebsiteBasic..""Place feedback and Questions""..""Registering another emailjs account and create the template""<"                                                                                                                                                                                                                                                              , 
 ,                                                                                                                                                , Done        , "Shadow, everyone"           ,        , "-->Tasks\Website\..WebsiteBasic..""Place feedback and Questions""..""Registering another emailjs account and create the template""..ReviewAndFinalize<"                                                                                                                                                                                                                                           , 
 ,                                                                                                                                                , Done        , "Bobi, Shadow"               ,        , "-->Tasks\Website\..WebsiteBasic..""Website release process""<"                                                                                                                                                                                                                                                                                                                                    , 
 ,                                                                                                                                                , Done        , Shadow                       ,        , "-->Tasks\Website\..WebsiteBasic..""Website release process""..""Share the commands""<"                                                                                                                                                                                                                                                                                                            , 
 ,                                                                                                                                                , Done        , Bobi                         ,        , "-->Tasks\Website\..WebsiteBasic..""Website release process""..""Test the deployment""<"                                                                                                                                                                                                                                                                                                           , 
 ,                                                                                                                                                , Done        , "Bobi, Shadow"               ,        , "-->Tasks\Website\..WebsiteBasic..""Release the website First Round""<"                                                                                                                                                                                                                                                                                                                            , 
 ,                                                                                                                                                , Done        ,                              ,        , "-->Tasks\Website\..WebsiteBasic..""Release the website First Round""..Baseline<"                                                                                                                                                                                                                                                                                                                  , 
 ,                                                                                                                                                , Done        , "Bobi, Shadow"               ,        , "-->Tasks\Website\..WebsiteBasic..""Release the website First Round""..""EmailJS config""<"                                                                                                                                                                                                                                                                                                        , 
 ,                                                                                                                                                ,             ,                              ,        , "-->Tasks\Website\..WebsiteBasic..""Release the website First Round""..""EmailJS config"".Comments..ERROR..ERROR<"                                                                                                                                                                                                                                                                                 , 
 ,                                                                                                                                                , Done        , Bobi                         ,        , "-->Tasks\Website\..WebsiteBasic..""Release the website First Round""..""Redirect the domains""<"                                                                                                                                                                                                                                                                                                  , 
 ,                                                                                                                                                , Done        , everyone                     ,        , "-->Tasks\Website\..WebsiteBasic..""Update the website first round""<"                                                                                                                                                                                                                                                                                                                             , 
 ,                                                                                                                                                , Done        , Shadow                       ,        , "-->Tasks\Website\..WebsiteBasic..""Update the website first round""..""Change the website code to support html formatting on the articles""<"                                                                                                                                                                                                                                                     , 
 ,                                                                                                                                                , Done        , Shadow                       ,        , "-->Tasks\Website\..WebsiteBasic..""Update the website first round""..""Change the website code to support html formatting on the articles""..""Do the actual change""<"                                                                                                                                                                                                                           , 
 ,                                                                                                                                                , Done        , "Shadow, Bobi"               ,        , "-->Tasks\Website\..WebsiteBasic..""Update the website first round""..""Change the website code to support html formatting on the articles""..""Commit the changes""<"                                                                                                                                                                                                                             , 
 ,                                                                                                                                                , Done        , "Gaurav, Shadow"             ,        , "-->Tasks\Website\..WebsiteBasic..""Update the website first round""..""Implement the missing""<"                                                                                                                                                                                                                                                                                                  , 
 ,                                                                                                                                                , Done        , Shadow                       ,        , "-->Tasks\Website\..WebsiteBasic..""Fixing the phone version of the website""<"                                                                                                                                                                                                                                                                                                                    , 
 ,                                                                                                                                                , Done        ,                              ,        , "-->Tasks\Website\..WebsiteBasic..""Fixing the phone version of the website""..""Placing TF2P logo to it's proper place""<"                                                                                                                                                                                                                                                                        , 
 ,                                                                                                                                                , Done        ,                              ,        , "-->Tasks\Website\..WebsiteBasic..""Fixing the phone version of the website""..""Completion of the Nav Bar""<"                                                                                                                                                                                                                                                                                     , 
 ,                                                                                                                                                , Done        ,                              ,        , "-->Tasks\Website\..WebsiteBasic..""Fixing the phone version of the website""..""Completion of the Switching earth on in it's proper place""<"                                                                                                                                                                                                                                                     , 
 ,                                                                                                                                                , Done        ,                              ,        , "-->Tasks\Website\..WebsiteBasic..""Fixing the phone version of the website""..""Make the give us feedback on Article page clickable""<"                                                                                                                                                                                                                                                           , 
 ,                                                                                                                                                , Done        , Bobi                         ,        , "-->Tasks\Website\..WebsiteBasic..""remove the checkbox from the feedback form""<"                                                                                                                                                                                                                                                                                                                 , 
 ,                                                                                                                                                , Done        ,                              ,        , -->Tasks\Website\..Phase1<                                                                                                                                                                                                                                                                                                                                                                         , 
 ,                                                                                                                                                , Done        ,                              ,        , "-->Tasks\Website\..Phase1..""Google Analytics""<"                                                                                                                                                                                                                                                                                                                                                 , 
 ,                                                                                                                                                , Done        , Shadow                       ,        , "-->Tasks\Website\..Phase1..""Google Analytics""..""Research about the implementation""<"                                                                                                                                                                                                                                                                                                          , 
 ,                                                                                                                                                , Done        , All                          ,        , "-->Tasks\Website\..Phase1..""Google Analytics""..""Review with the team about the decision""<"                                                                                                                                                                                                                                                                                                    , 
 ,                                                                                                                                                , Done        , Shadow                       ,        , "-->Tasks\Website\..Phase1..""Google Analytics""..Implement<"                                                                                                                                                                                                                                                                                                                                      , 
 ,                                                                                                                                                , Cancelled   , Shadow                       ,        , -->Tasks\Website\..Phase1..WebsiteVersion2<                                                                                                                                                                                                                                                                                                                                                        , 
 ,                                                                                                                                                , Cancelled   , All                          ,        , -->Tasks\Website\..Phase1..WebsiteVersion2..ContributePhase1<                                                                                                                                                                                                                                                                                                                                      , 
 ,                                                                                                                                                , Done        , All                          ,        , "-->Tasks\Website\..Phase1..WebsiteVersion2..ContributePhase1..""Schedule a meeting about Contribute page""<"                                                                                                                                                                                                                                                                                      , 
 ,                                                                                                                                                , Done        , All                          ,        , "-->Tasks\Website\..Phase1..WebsiteVersion2..ContributePhase1..""Discuss and review contribute page elements""<"                                                                                                                                                                                                                                                                                   , 
 ,                                                                                                                                                , Cancelled   , "Shadow, Hana"               ,        , "-->Tasks\Website\..Phase1..WebsiteVersion2..ContributePhase1..""Implementation of the agreed points""<"                                                                                                                                                                                                                                                                                           , 
 ,                                                                                                                                                , Done        ,                              ,        , -->Tasks\Website\..BackToOrigi<                                                                                                                                                                                                                                                                                                                                                                    , 
 ,                                                                                                                                                , Done        ,                              ,        , "-->Tasks\Website\..BackToOrigi..""Work this Task out""<"                                                                                                                                                                                                                                                                                                                                          , 
 ,                                                                                                                                                , Done        , all                          ,        , -->Tasks\Website\..BackToOrigi..DecidePartsAndDesign<                                                                                                                                                                                                                                                                                                                                              , 
 ,                                                                                                                                                , Done        , Hana                         ,        , "-->Tasks\Website\..BackToOrigi..DecidePartsAndDesign..""Schedule a Website design meeting""<"                                                                                                                                                                                                                                                                                                     , 
 ,                                                                                                                                                , Done        , all                          ,        , -->Tasks\Website\..BackToOrigi..DecidePartsAndDesign..AgreeOnGuidelines<                                                                                                                                                                                                                                                                                                                           , 
 ,                                                                                                                                                , Cancelled   , all                          ,        , "-->Tasks\Website\..BackToOrigi..DecidePartsAndDesign..AgreeOnGuidelines..""Find the video(s) and parts where the design was showcased""<"                                                                                                                                                                                                                                                         , 
 ,                                                                                                                                                , Done        , all                          ,        , "-->Tasks\Website\..BackToOrigi..DecidePartsAndDesign..AgreeOnGuidelines..""Decide with the team what design to apply""<"                                                                                                                                                                                                                                                                          , "-->Tasks\Website\..""Back to original""..""Agree on the parts and the design with the team on a meeting""..""Agree on the baseline design guidelines""..""Find the video(s) and parts where the design was showcased""< We go ""on the fly"" - i.e. we sit in front of a baseline-designed site and change until we are happy."
 ,                                                                                                                                                , Done        , Bobi                         ,        , "-->Tasks\Website\..BackToOrigi..DecidePartsAndDesign..""Agree on the parts and their priorities""<"                                                                                                                                                                                                                                                                                               , "-->Tasks\Website\..""Back to original""..""Agree on the parts and the design with the team on a meeting""..""Schedule a Website design meeting""<"
 ,                                                                                                                                                , Cancelled   ,                              ,        , -->Tasks\Website\..BackToOrigi..ResearchWebDevs<                                                                                                                                                                                                                                                                                                                                                   , 
 ,                                                                                                                                                , OnHold      , everyone                     ,        , "-->Tasks\Website\..BackToOrigi..ResearchWebDevs..""Initial research""<"                                                                                                                                                                                                                                                                                                                           , 
 ,                                                                                                                                                ,             , Bobi                         ,        , -->Tasks\Website\..BackToOrigi..Implement<                                                                                                                                                                                                                                                                                                                                                         , "-->Tasks\Website\..""Back to original""..""Agree on the parts and the design with the team on a meeting""<"
 ,                                                                                                                                                , Blocked     ,                              ,        , -->Tasks\Website\..BackToOrigi..Implement..Parts<                                                                                                                                                                                                                                                                                                                                                  , 
 ,                                                                                                                                                , Blocked     , Bobi                         ,        , "-->Tasks\Website\..BackToOrigi..Implement..Parts..""Placeholder for further elements""<"                                                                                                                                                                                                                                                                                                          , "-->Tasks\Website\..""Back to original""..""Agree on the parts and the design with the team on a meeting""<"
 ,                                                                                                                                                , Blocked     , Bobi                         ,        , "-->Tasks\Website\..BackToOrigi..Implement..Parts..""Landing page + content""<"                                                                                                                                                                                                                                                                                                                    , 
 ,                                                                                                                                                , Blocked     , Bobi                         ,        , "-->Tasks\Website\..BackToOrigi..Implement..Parts..""Landing page + content""..""Top section""<"                                                                                                                                                                                                                                                                                                   , 
 ,                                                                                                                                                , Blocked     , Bobi                         ,        , "-->Tasks\Website\..BackToOrigi..Implement..Parts..""Landing page + content""..""Top section""..""Placeholder for implementation""<"                                                                                                                                                                                                                                                               , "-->Tasks\Website\..""Back to original""..""Agree on the parts and the design with the team on a meeting""<"
 ,                                                                                                                                                , Blocked     , Bobi                         ,        , "-->Tasks\Website\..BackToOrigi..Implement..Parts..""Landing page + content""..FAQ<"                                                                                                                                                                                                                                                                                                               , "-->Tasks\Website\..""Back to original""..""Agree on the parts and the design with the team on a meeting""<"
 ,                                                                                                                                                , Blocked     , Bobi                         ,        , "-->Tasks\Website\..BackToOrigi..Implement..Parts..""Articles section""<"                                                                                                                                                                                                                                                                                                                          , "-->Tasks\Website\..""Back to original""..""Agree on the parts and the design with the team on a meeting""<"
 ,                                                                                                                                                , Blocked     ,                              ,        , "-->Tasks\Website\..BackToOrigi..Implement..Parts..""Product descriptions section""<"                                                                                                                                                                                                                                                                                                              , 
 ,                                                                                                                                                , Blocked     ,                              ,        , "-->Tasks\Website\..BackToOrigi..Implement..Parts..""Videos (or link to youtube) section""<"                                                                                                                                                                                                                                                                                                       , 
 ,                                                                                                                                                , Blocked     ,                              ,        , "-->Tasks\Website\..BackToOrigi..Implement..""Apply design""<"                                                                                                                                                                                                                                                                                                                                     , 
 ,                                                                                                                                                , Done        ,                              ,        , -->Tasks\Website\..BackToOrigi..Intermediate<                                                                                                                                                                                                                                                                                                                                                      , 
 ,                                                                                                                                                , Done        , Bobi                         ,        , -->Tasks\Website\..BackToOrigi..Intermediate..CreateSite<                                                                                                                                                                                                                                                                                                                                          , 
 ,                                                                                                                                                , Done        ,                              ,        , "-->Tasks\Website\..BackToOrigi..Intermediate..CreateSite..""Have the concept""<"                                                                                                                                                                                                                                                                                                                  , 
 ,                                                                                                                                                , Done        ,                              ,        , "-->Tasks\Website\..BackToOrigi..Intermediate..CreateSite..""Set-up and try Codex""<"                                                                                                                                                                                                                                                                                                              , 
 ,                                                                                                                                                , Done        ,                              ,        , "-->Tasks\Website\..BackToOrigi..Intermediate..CreateSite..""Set-up and try Codex""..""Get some Reddit answers about how good it is""<"                                                                                                                                                                                                                                                            , 
 ,                                                                                                                                                , Done        ,                              ,        , "-->Tasks\Website\..BackToOrigi..Intermediate..CreateSite..""Set-up and try Codex""..""Try it out in VS Code""<"                                                                                                                                                                                                                                                                                   , 
 ,                                                                                                                                                , Done        ,                              ,        , "-->Tasks\Website\..BackToOrigi..Intermediate..CreateSite..""Decide what we want on the site""<"                                                                                                                                                                                                                                                                                                   , 
 ,                                                                                                                                                , Done        ,                              ,        , -->Tasks\Website\..BackToOrigi..Intermediate..CreateSite..Implement<                                                                                                                                                                                                                                                                                                                               , 
 ,                                                                                                                                                , Done        ,                              ,        , "-->Tasks\Website\..BackToOrigi..Intermediate..CreateSite..Implement..""Generate site structure""<"                                                                                                                                                                                                                                                                                                , 
 ,                                                                                                                                                , Done        ,                              ,        , "-->Tasks\Website\..BackToOrigi..Intermediate..CreateSite..Implement..""Favicon and Title""<"                                                                                                                                                                                                                                                                                                      , 
 ,                                                                                                                                                , Done        ,                              ,        , "-->Tasks\Website\..BackToOrigi..Intermediate..CreateSite..Implement..""Favicon and Title""..""Fix on the other htmls as well""<"                                                                                                                                                                                                                                                                  , 
 ,                                                                                                                                                , Done        ,                              ,        , "-->Tasks\Website\..BackToOrigi..Intermediate..CreateSite..Implement..""Replace the logo and the text next to it""<"                                                                                                                                                                                                                                                                               , 
 ,                                                                                                                                                , Done        ,                              ,        , "-->Tasks\Website\..BackToOrigi..Intermediate..CreateSite..Implement..""Decide and action if yes:_ is it worth subscribing to an AI agent?""<"                                                                                                                                                                                                                                                     , 
 , 10m                                                                                                                                            , Done        ,                              ,        , "-->Tasks\Website\..BackToOrigi..Intermediate..CreateSite..Implement..""Make the logo lead you to the homepage""<"                                                                                                                                                                                                                                                                                 , 
 , 80m                                                                                                                                            , Done        ,                              ,        , "-->Tasks\Website\..BackToOrigi..Intermediate..CreateSite..Implement..""Revise the ToC""<"                                                                                                                                                                                                                                                                                                         , 
 ,                                                                                                                                                , Done        ,                              ,        , "-->Tasks\Website\..BackToOrigi..Intermediate..CreateSite..Implement..""Revise the ToC""..""Decide:_ What do we want to include there""<"                                                                                                                                                                                                                                                          , 
 , 30m                                                                                                                                            , Done        , Bobi                         ,        , "-->Tasks\Website\..BackToOrigi..Intermediate..CreateSite..Implement..""Revise the ToC""..""Decide:_ What do we want to include there""..""Create baseline""<"                                                                                                                                                                                                                                     , 
 ,                                                                                                                                                , Done        ,                              ,        , "-->Tasks\Website\..BackToOrigi..Intermediate..CreateSite..Implement..""Revise the ToC""..""Decide:_ What do we want to include there""..""Create baseline""..""Rethink concept""<"                                                                                                                                                                                                                , 
 , 30m                                                                                                                                            , Done        , "Bobi, Hana"                 ,        , "-->Tasks\Website\..BackToOrigi..Intermediate..CreateSite..Implement..""Revise the ToC""..""Decide:_ What do we want to include there""..""Review baseline with Hana""<"                                                                                                                                                                                                                           , 
 , 20m                                                                                                                                            , Done        , Bobi                         ,        , "-->Tasks\Website\..BackToOrigi..Intermediate..CreateSite..Implement..""Revise the ToC""..""Create the structure""<"                                                                                                                                                                                                                                                                               , 
 ,                                                                                                                                                , Done        ,                              ,        , "-->Tasks\Website\..BackToOrigi..Intermediate..CreateSite..Implement..""Revise the ToC""..""Upgrade the ToC engine so that some items can be disabled""<"                                                                                                                                                                                                                                          , 
 ,                                                                                                                                                , Done        ,                              ,        , "-->Tasks\Website\..BackToOrigi..Intermediate..CreateSite..Implement..""Revise the ToC""..""Upgrade the ToC engine so that non-leaf elements can also point to a file""<"                                                                                                                                                                                                                          , 
 ,                                                                                                                                                , Done        ,                              ,        , -->Tasks\Website\..BackToOrigi..Intermediate..CreateSite..Implement..Phase1ReadEngine<                                                                                                                                                                                                                                                                                                             , 
 ,                                                                                                                                                , Done        ,                              ,        , "-->Tasks\Website\..BackToOrigi..Intermediate..CreateSite..Implement..Phase1ReadEngine..""Upgrade the YamlToHtmlConverter with the new header""<"                                                                                                                                                                                                                                                  , 
 ,                                                                                                                                                , Done        ,                              ,        , "-->Tasks\Website\..BackToOrigi..Intermediate..CreateSite..Implement..Phase1ReadEngine..""Make it wide""<"                                                                                                                                                                                                                                                                                         , 
 ,                                                                                                                                                , Done        ,                              ,        , "-->Tasks\Website\..BackToOrigi..Intermediate..CreateSite..Implement..Phase1ReadEngine..""Reduce tabulation""<"                                                                                                                                                                                                                                                                                    , 
 ,                                                                                                                                                , Cancelled   ,                              ,        , "-->Tasks\Website\..BackToOrigi..Intermediate..CreateSite..Implement..Phase1ReadEngine..""Each LI marked with ""Sequence"" should be rendered with a ""dash"" in front""<"                                                                                                                                                                                                                         , 
 ,                                                                                                                                                , Done        ,                              ,        , "-->Tasks\Website\..BackToOrigi..Intermediate..CreateSite..Implement..Phase1ReadEngine..""Upgrade color coding""<"                                                                                                                                                                                                                                                                                 , 
 ,                                                                                                                                                , Done        ,                              ,        , "-->Tasks\Website\..BackToOrigi..Intermediate..CreateSite..Implement..Phase1ReadEngine..""YamlToHtmlConverter:_ Fix color rendering""<"                                                                                                                                                                                                                                                            , 
 ,                                                                                                                                                , Done        ,                              ,        , "-->Tasks\Website\..BackToOrigi..Intermediate..CreateSite..Implement..Phase1ReadEngine..""Sticky navigation bar""<"                                                                                                                                                                                                                                                                                , 
 , "[\n  { Pages are generated so that there are anchors: 40m },\n  { Update the generator: 80m },\n  { Total: 120m },\n  { Plusminus: 80m }\n]\n", Done        , Bobi                         , 30     , -->Tasks\Website\..BackToOrigi..Intermediate..CreateSite..Implement..Phase1ReadEngine..LinkFollowing<                                                                                                                                                                                                                                                                                              , 
 ,                                                                                                                                                , Done        ,                              ,        , "-->Tasks\Website\..BackToOrigi..Intermediate..CreateSite..Implement..Phase1ReadEngine..LinkFollowing..""Figure out what needs to be generated""<"                                                                                                                                                                                                                                                 , 
 ,                                                                                                                                                , Done        ,                              ,        , "-->Tasks\Website\..BackToOrigi..Intermediate..CreateSite..Implement..Phase1ReadEngine..LinkFollowing..""Update the site""<"                                                                                                                                                                                                                                                                       , 
 ,                                                                                                                                                , Done        ,                              ,        , "-->Tasks\Website\..BackToOrigi..Intermediate..CreateSite..Implement..Phase1ReadEngine..LinkFollowing..""Update the generator""<"                                                                                                                                                                                                                                                                  , 
 , 60                                                                                                                                             , Done        , Bobi                         , 0      , "-->Tasks\Website\..BackToOrigi..Intermediate..CreateSite..Implement..Phase1ReadEngine..LinkFollowing..""Perform the site setup as per the recommendations of ChatGPT""<"                                                                                                                                                                                                                          , 
 ,                                                                                                                                                , Done        ,                              ,        , "-->Tasks\Website\..BackToOrigi..Intermediate..CreateSite..Implement..""Do design""<"                                                                                                                                                                                                                                                                                                              , 
 ,                                                                                                                                                , Done        ,                              ,        , "-->Tasks\Website\..BackToOrigi..Intermediate..CreateSite..Implement..""Do design""..""Do baseline - use the old colors""<"                                                                                                                                                                                                                                                                        , 
 , "20, timeboxed"                                                                                                                                , Done        ,                              ,        , "-->Tasks\Website\..BackToOrigi..Intermediate..CreateSite..Implement..""Do design""..""Revise the design with Hana""<"                                                                                                                                                                                                                                                                             , 
 ,                                                                                                                                                , Done        ,                              ,        , "-->Tasks\Website\..BackToOrigi..Intermediate..CreateSite..Implement..""Do design""..""Implement the final colors""<"                                                                                                                                                                                                                                                                              , 
 ,                                                                                                                                                , Done        ,                              ,        , "-->Tasks\Website\..BackToOrigi..Intermediate..CreateSite..Implement..""Revise the top menu""<"                                                                                                                                                                                                                                                                                                    , 
 ,                                                                                                                                                , Done        ,                              ,        , "-->Tasks\Website\..BackToOrigi..Intermediate..CreateSite..Implement..""Revise the top menu""..""Generate engine""<"                                                                                                                                                                                                                                                                               , 
 ,                                                                                                                                                , Done        , Bobi                         ,        , "-->Tasks\Website\..BackToOrigi..Intermediate..CreateSite..Implement..""Revise the top menu""..""Create phase1 structure""<"                                                                                                                                                                                                                                                                       , 
 ,                                                                                                                                                , Done        , "Bobi, Hana"                 ,        , "-->Tasks\Website\..BackToOrigi..Intermediate..CreateSite..Implement..""Revise the top menu""..""Review phase1 structure""<"                                                                                                                                                                                                                                                                       , 
 ,                                                                                                                                                , Done        ,                              ,        , "-->Tasks\Website\..BackToOrigi..Intermediate..CreateSite..Implement..""Revise the top menu""..""Implement phase1 structure""<"                                                                                                                                                                                                                                                                    , 
 ,                                                                                                                                                , Done        ,                              ,        , -->Tasks\Website\..BackToOrigi..Intermediate..CreateSite..Implement..NonDD<                                                                                                                                                                                                                                                                                                                        , 
 ,                                                                                                                                                , Done        , Bobi                         ,        , "-->Tasks\Website\..BackToOrigi..Intermediate..CreateSite..Implement..NonDD..""Create the Big Summary page AND remove unnecessary menu items""<"                                                                                                                                                                                                                                                   , 
 , 10                                                                                                                                             , Done        , Bobi                         , 0      , "-->Tasks\Website\..BackToOrigi..Intermediate..CreateSite..Implement..NonDD..""Create the Big Summary page AND remove unnecessary menu items""..""Remove the ""Updates"" and ""Articles"" menu items (we can add them back later)""<"                                                                                                                                                              , 
 , 80                                                                                                                                             , Done        , Bobi                         , 0      , "-->Tasks\Website\..BackToOrigi..Intermediate..CreateSite..Implement..NonDD..""Create the Big Summary page AND remove unnecessary menu items""..""Write the baseline""<"                                                                                                                                                                                                                           , 
 ,                                                                                                                                                , Done        , Bobi                         ,        , "-->Tasks\Website\..BackToOrigi..Intermediate..CreateSite..Implement..NonDD..""Create Watch page""<"                                                                                                                                                                                                                                                                                               , 
 ,                                                                                                                                                , Done        , Bobi                         ,        , "-->Tasks\Website\..BackToOrigi..Intermediate..CreateSite..Implement..NonDD..""Create Watch page""..Baseline<"                                                                                                                                                                                                                                                                                     , 
 , 60                                                                                                                                             , Done        , "Hana, Bobi"                 , 60     , "-->Tasks\Website\..BackToOrigi..Intermediate..CreateSite..Implement..NonDD..""Create Watch page""..Review<"                                                                                                                                                                                                                                                                                       , 
 , 40                                                                                                                                             , Done        , "Bobi, Hana"                 , 0      , "-->Tasks\Website\..BackToOrigi..Intermediate..CreateSite..Implement..NonDD..""Create Watch page""..Review..Content<"                                                                                                                                                                                                                                                                              , 
 , 20                                                                                                                                             , Done        , Hana                         , 0      , "-->Tasks\Website\..BackToOrigi..Intermediate..CreateSite..Implement..NonDD..""Create Watch page""..Review..Links<"                                                                                                                                                                                                                                                                                , 
 ,                                                                                                                                                , Done        ,                              ,        , "-->Tasks\Website\..BackToOrigi..Intermediate..CreateSite..Implement..NonDD..""Create Watch page""..Review..Links..Twitch<"                                                                                                                                                                                                                                                                        , 
 , 30                                                                                                                                             , Done        , Bobi                         , 30     , "-->Tasks\Website\..BackToOrigi..Intermediate..CreateSite..Implement..NonDD..""Create Watch page""..Publish<"                                                                                                                                                                                                                                                                                      , 
 ,                                                                                                                                                , Done        , "Bobi, Hana"                 ,        , "-->Tasks\Website\..BackToOrigi..Intermediate..CreateSite..Implement..NonDD..""Create Contact page""<"                                                                                                                                                                                                                                                                                             , 
 ,                                                                                                                                                , Done        , Bobi                         ,        , "-->Tasks\Website\..BackToOrigi..Intermediate..CreateSite..Implement..NonDD..""Create Contact page""..""Create baseline ideas""<"                                                                                                                                                                                                                                                                  , 
 , 30                                                                                                                                             , Done        , "Hana, Bobi"                 , 30     , "-->Tasks\Website\..BackToOrigi..Intermediate..CreateSite..Implement..NonDD..""Create Contact page""..""Review it""<"                                                                                                                                                                                                                                                                              , 
 , 30                                                                                                                                             , Done        , Bobi                         , 0      , "-->Tasks\Website\..BackToOrigi..Intermediate..CreateSite..Implement..NonDD..""Create Contact page""..""Implement, finalize and publish""<"                                                                                                                                                                                                                                                        , 
 , 10                                                                                                                                             , Done        , Hana                         , 0      , "-->Tasks\Website\..BackToOrigi..Intermediate..CreateSite..Implement..NonDD..""Create Contact page""..""Implement, finalize and publish""..""Provide the links into the document""<"                                                                                                                                                                                                               , 
 , 20                                                                                                                                             , Done        , Bobi                         , 0      , "-->Tasks\Website\..BackToOrigi..Intermediate..CreateSite..Implement..NonDD..""Create Contact page""..""Implement, finalize and publish""..""Final touches and generation""<"                                                                                                                                                                                                                      , 
 ,                                                                                                                                                , Done        , "Bobi, Hana"                 ,        , "-->Tasks\Website\..BackToOrigi..Intermediate..CreateSite..Implement..NonDD..""Create SupportUs page""<"                                                                                                                                                                                                                                                                                           , 
 ,                                                                                                                                                , Done        , "Hana, Bobi"                 ,        , "-->Tasks\Website\..BackToOrigi..Intermediate..CreateSite..Implement..NonDD..""Create SupportUs page""..""Rename ""Support"" to something less confusing""<"                                                                                                                                                                                                                                       , 
 , 10                                                                                                                                             , Done        , Hana                         , 0      , "-->Tasks\Website\..BackToOrigi..Intermediate..CreateSite..Implement..NonDD..""Create SupportUs page""..""Rename ""Support"" to something less confusing""..""Try finding something better than ""Support us""""<"                                                                                                                                                                                 , 
 , 5                                                                                                                                              , Done        , Bobi                         , 0      , "-->Tasks\Website\..BackToOrigi..Intermediate..CreateSite..Implement..NonDD..""Create SupportUs page""..""Rename ""Support"" to something less confusing""..""Rename it""<"                                                                                                                                                                                                                        , 
 ,                                                                                                                                                , Done        , "Bobi, Hana"                 ,        , "-->Tasks\Website\..BackToOrigi..Intermediate..CreateSite..Implement..NonDD..""Create SupportUs page""..""Create content about what will be here""<"                                                                                                                                                                                                                                               , 
 , 20                                                                                                                                             , Done        , Bobi                         , 0      , "-->Tasks\Website\..BackToOrigi..Intermediate..CreateSite..Implement..NonDD..""Create SupportUs page""..""Create content about what will be here""..""Create baseline ideas""<"                                                                                                                                                                                                                    , 
 , 40                                                                                                                                             , Done        , "Hana, Bobi"                 , 0      , "-->Tasks\Website\..BackToOrigi..Intermediate..CreateSite..Implement..NonDD..""Create SupportUs page""..""Create content about what will be here""..""Work it out""<"                                                                                                                                                                                                                              , 
 , 20                                                                                                                                             , Done        , Bobi                         , 0      , "-->Tasks\Website\..BackToOrigi..Intermediate..CreateSite..Implement..NonDD..""Create SupportUs page""..""Create content about what will be here""..""Finalize and publish""<"                                                                                                                                                                                                                     , 
 ,                                                                                                                                                , Done        ,                              ,        , "-->Tasks\Website\..BackToOrigi..Intermediate..CreateSite..Implement..NonDD..""Disable/remove the ones planned later/not planned""<"                                                                                                                                                                                                                                                               , 
 , 15                                                                                                                                             , Done        , Bobi                         ,        , "-->Tasks\Website\..BackToOrigi..Intermediate..CreateSite..""Create a new repository for the new set of yamls""<"                                                                                                                                                                                                                                                                                  , 
 ,                                                                                                                                                , Done        , Bobi                         , 0      , "-->Tasks\Website\..BackToOrigi..Intermediate..CreateSite..""Revise the structure of the Deepdive section""<"                                                                                                                                                                                                                                                                                      , 
 , 45                                                                                                                                             , Done        , Bobi                         , 0      , "-->Tasks\Website\..BackToOrigi..Intermediate..CreateSite..""Revise the structure of the Deepdive section""..""Rewrite the app.js to show the revised Management.Public structure""<"                                                                                                                                                                                                              , 
 , 20                                                                                                                                             , Done        , Bobi                         , 0      , "-->Tasks\Website\..BackToOrigi..Intermediate..CreateSite..""Revise the structure of the Deepdive section""..""Rewrite the generator settings""<"                                                                                                                                                                                                                                                  , 
 , 16                                                                                                                                             , Cancelled   , Bobi                         , 0      , "-->Tasks\Website\..BackToOrigi..Intermediate..CreateSite..""Revise the structure of the Deepdive section""..""Rewrite the generator to support giving file names to the result""<"                                                                                                                                                                                                                , 
 , 30                                                                                                                                             , Done        , Bobi                         , 0      , "-->Tasks\Website\..BackToOrigi..Intermediate..CreateSite..""Revise the structure of the Deepdive section""..""Create the knots files and their content for it""<"                                                                                                                                                                                                                                 , 
 ,                                                                                                                                                , Done        ,                              ,        , -->Tasks\Website\..BackToOrigi..Intermediate..CreateSite..CreateYamls<                                                                                                                                                                                                                                                                                                                             , 
 ,                                                                                                                                                , Done        ,                              ,        , -->Tasks\Website\..BackToOrigi..Intermediate..CreateSite..CreateYamls..Leaves<                                                                                                                                                                                                                                                                                                                     , 
 ,                                                                                                                                                , Done        ,                              ,        , -->Tasks\Website\..BackToOrigi..Intermediate..CreateSite..CreateYamls..Leaves..LearnToDive<                                                                                                                                                                                                                                                                                                        , 
 ,                                                                                                                                                , Done        ,                              ,        , -->Tasks\Website\..BackToOrigi..Intermediate..CreateSite..CreateYamls..Leaves..LearnToDive..Overview<                                                                                                                                                                                                                                                                                              , 
 ,                                                                                                                                                , Done        ,                              ,        , "-->Tasks\Website\..BackToOrigi..Intermediate..CreateSite..CreateYamls..Leaves..LearnToDive..Overview..""Work out baseline""<"                                                                                                                                                                                                                                                                     , 
 , 10                                                                                                                                             , Done        , "Bobi, Hana"                 , 0      , -->Tasks\Website\..BackToOrigi..Intermediate..CreateSite..CreateYamls..Leaves..LearnToDive..Overview..Review<                                                                                                                                                                                                                                                                                      , 
 , 20                                                                                                                                             , Done        , Bobi                         , 20     , -->Tasks\Website\..BackToOrigi..Intermediate..CreateSite..CreateYamls..Leaves..LearnToDive..Overview..Finalize<                                                                                                                                                                                                                                                                                    , 
 ,                                                                                                                                                , Done        ,                              ,        , "-->Tasks\Website\..BackToOrigi..Intermediate..CreateSite..CreateYamls..Leaves..""The Abyss""<"                                                                                                                                                                                                                                                                                                    , 
 ,                                                                                                                                                , Done        ,                              ,        , "-->Tasks\Website\..BackToOrigi..Intermediate..CreateSite..CreateYamls..Leaves..""The Abyss""..Tasks<"                                                                                                                                                                                                                                                                                             , 
 ,                                                                                                                                                , Done        ,                              ,        , "-->Tasks\Website\..BackToOrigi..Intermediate..CreateSite..CreateYamls..Leaves..""The Abyss""..Tasks..""Software Development""<"                                                                                                                                                                                                                                                                   , 
 , 20m (timeboxed)                                                                                                                                , Done        , Bobi                         ,        , "-->Tasks\Website\..BackToOrigi..Intermediate..CreateSite..CreateYamls..Leaves..""The Abyss""..Tasks..""Software Development""..""The F2Tool""<"                                                                                                                                                                                                                                                   , 
 , 30m (timeboxed)                                                                                                                                , Done        , Bobi                         , 5      , "-->Tasks\Website\..BackToOrigi..Intermediate..CreateSite..CreateYamls..Leaves..""The Abyss""..Tasks..""Software Development""..Website<"                                                                                                                                                                                                                                                          , 
 ,                                                                                                                                                , Done        ,                              ,        , "-->Tasks\Website\..BackToOrigi..Intermediate..CreateSite..CreateYamls..Leaves..""The Abyss""..Tasks..""Software Development""..F2ToolsExtension<"                                                                                                                                                                                                                                                 , 
 ,                                                                                                                                                , Done        ,                              ,        , "-->Tasks\Website\..BackToOrigi..Intermediate..CreateSite..CreateYamls..Leaves..""The Abyss""..Tasks..""Software Development""..F2FinanceHelper<"                                                                                                                                                                                                                                                  , 
 ,                                                                                                                                                , Done        ,                              ,        , "-->Tasks\Website\..BackToOrigi..Intermediate..CreateSite..CreateYamls..Leaves..""The Abyss""..Tasks..""Software Development""..Processes<"                                                                                                                                                                                                                                                        , 
 ,                                                                                                                                                , Done        ,                              ,        , "-->Tasks\Website\..BackToOrigi..Intermediate..CreateSite..CreateYamls..Leaves..""The Abyss""..Tasks..PublicRelations<"                                                                                                                                                                                                                                                                            , 
 ,                                                                                                                                                , Done        ,                              ,        , "-->Tasks\Website\..BackToOrigi..Intermediate..CreateSite..CreateYamls..Leaves..""The Abyss""..Tasks..Documents<"                                                                                                                                                                                                                                                                                  , 
 ,                                                                                                                                                , Done        ,                              ,        , "-->Tasks\Website\..BackToOrigi..Intermediate..CreateSite..CreateYamls..Leaves..""The Abyss""..Tasks..Documents..Articles<"                                                                                                                                                                                                                                                                        , 
 ,                                                                                                                                                , Done        ,                              ,        , "-->Tasks\Website\..BackToOrigi..Intermediate..CreateSite..CreateYamls..Leaves..""The Abyss""..Tasks..Documents..Specifications<"                                                                                                                                                                                                                                                                  , 
 ,                                                                                                                                                , Done        ,                              ,        , "-->Tasks\Website\..BackToOrigi..Intermediate..CreateSite..CreateYamls..Leaves..""The Abyss""..Tasks..Management<"                                                                                                                                                                                                                                                                                 , 
 ,                                                                                                                                                , Done        ,                              ,        , "-->Tasks\Website\..BackToOrigi..Intermediate..CreateSite..CreateYamls..Leaves..""The Abyss""..Documents<"                                                                                                                                                                                                                                                                                         , 
 ,                                                                                                                                                , Done        , Bobi                         ,        , "-->Tasks\Website\..BackToOrigi..Intermediate..CreateSite..CreateYamls..Leaves..""The Abyss""..Documents..Articles<"                                                                                                                                                                                                                                                                               , 
 , 10                                                                                                                                             , Done        , Bobi                         , 0      , "-->Tasks\Website\..BackToOrigi..Intermediate..CreateSite..CreateYamls..Leaves..""The Abyss""..Documents..Articles..""Migrate them from the old repo""<"                                                                                                                                                                                                                                           , 
 , 15                                                                                                                                             , Done        , Bobi                         , 0      , "-->Tasks\Website\..BackToOrigi..Intermediate..CreateSite..CreateYamls..Leaves..""The Abyss""..Documents..Articles..""Decide:_ which ones should be published""<"                                                                                                                                                                                                                                  , 
 , 10                                                                                                                                             , Cancelled   , Bobi                         , 0      , "-->Tasks\Website\..BackToOrigi..Intermediate..CreateSite..CreateYamls..Leaves..""The Abyss""..Documents..Articles..""Publish the ones decided above""<"                                                                                                                                                                                                                                           , 
 ,                                                                                                                                                , Done        ,                              ,        , "-->Tasks\Website\..BackToOrigi..Intermediate..CreateSite..CreateYamls..Leaves..""The Abyss""..Documents..Processes<"                                                                                                                                                                                                                                                                              , 
 ,                                                                                                                                                , Done        ,                              ,        , "-->Tasks\Website\..BackToOrigi..Intermediate..CreateSite..CreateYamls..Leaves..""The Abyss""..Documents..Specifications<"                                                                                                                                                                                                                                                                         , 
 ,                                                                                                                                                , Done        , Bobi                         ,        , "-->Tasks\Website\..BackToOrigi..Intermediate..CreateSite..CreateYamls..Leaves..""The Abyss""..Documents..Specifications..F2Yaml<"                                                                                                                                                                                                                                                                 , 
 ,                                                                                                                                                , Done        ,                              ,        , "-->Tasks\Website\..BackToOrigi..Intermediate..CreateSite..CreateYamls..Leaves..""The Abyss""..Documents..Specifications..F2Yaml..Plan<"                                                                                                                                                                                                                                                           , 
 ,                                                                                                                                                , Done        ,                              ,        , "-->Tasks\Website\..BackToOrigi..Intermediate..CreateSite..CreateYamls..Leaves..""The Abyss""..Documents..Specifications..F2Yaml..""Create intro""<"                                                                                                                                                                                                                                               , 
 ,                                                                                                                                                , Done        ,                              ,        , "-->Tasks\Website\..BackToOrigi..Intermediate..CreateSite..CreateYamls..Leaves..""The Abyss""..Documents..Specifications..F2Yaml..""Create overview""<"                                                                                                                                                                                                                                            , 
 ,                                                                                                                                                , Done        ,                              ,        , "-->Tasks\Website\..BackToOrigi..Intermediate..CreateSite..CreateYamls..Leaves..""The Abyss""..Documents..Specifications..F2Yaml..""Create overview""..Item<"                                                                                                                                                                                                                                      , 
 ,                                                                                                                                                , Done        ,                              ,        , "-->Tasks\Website\..BackToOrigi..Intermediate..CreateSite..CreateYamls..Leaves..""The Abyss""..Documents..Specifications..F2Yaml..""Create overview""..""Yaml representation""<"                                                                                                                                                                                                                   , 
 ,                                                                                                                                                , Done        , Bobi                         ,        , "-->Tasks\Website\..BackToOrigi..Intermediate..CreateSite..CreateYamls..Leaves..""The Abyss""..Documents..Specifications..F2Yaml..""Syntax, semantics and Barba.Types should not be mixed""<"                                                                                                                                                                                                      , 
 , 30m (timeboxed)                                                                                                                                , Done        , Bobi                         ,        , "-->Tasks\Website\..BackToOrigi..Intermediate..CreateSite..CreateYamls..Leaves..""The Abyss""..Documents..Specifications..""Barba.Types""<"                                                                                                                                                                                                                                                        , 
 ,                                                                                                                                                , Done        ,                              ,        , "-->Tasks\Website\..BackToOrigi..Intermediate..CreateSite..CreateYamls..Leaves..""The Abyss""..Documents..Requirements<"                                                                                                                                                                                                                                                                           , 
 ,                                                                                                                                                , Done        ,                              ,        , "-->Tasks\Website\..BackToOrigi..Intermediate..CreateSite..CreateYamls..Leaves..""The Abyss""..Documents..Requirements..""The F2Tool""<"                                                                                                                                                                                                                                                           , 
 ,                                                                                                                                                , Done        ,                              ,        , "-->Tasks\Website\..BackToOrigi..Intermediate..CreateSite..CreateYamls..Leaves..""The Abyss""..Documents..Requirements..F2ToolsExtension<"                                                                                                                                                                                                                                                         , 
 ,                                                                                                                                                , Done        ,                              ,        , "-->Tasks\Website\..BackToOrigi..Intermediate..CreateSite..CreateYamls..Leaves..""The Abyss""..Documents..Requirements..F2FinanceHelper<"                                                                                                                                                                                                                                                          , 
 ,                                                                                                                                                , Done        ,                              ,        , "-->Tasks\Website\..BackToOrigi..Intermediate..CreateSite..CreateYamls..Leaves..""The Abyss""..Documents..Requirements..Processes<"                                                                                                                                                                                                                                                                , 
 ,                                                                                                                                                , Done        ,                              ,        , "-->Tasks\Website\..BackToOrigi..Intermediate..CreateSite..CreateYamls..Leaves..""The Abyss""..Meetings<"                                                                                                                                                                                                                                                                                          , 
 , 10m (timeboxed)                                                                                                                                , Done        , Bobi                         ,        , "-->Tasks\Website\..BackToOrigi..Intermediate..CreateSite..CreateYamls..Leaves..""The Abyss""..Meetings..""Standup Reports""<"                                                                                                                                                                                                                                                                     , 
 , 60m (timeboxed)                                                                                                                                , Done        , Bobi                         ,        , "-->Tasks\Website\..BackToOrigi..Intermediate..CreateSite..CreateYamls..Leaves..""The Abyss""..Meetings..Plannings<"                                                                                                                                                                                                                                                                               , 
 ,                                                                                                                                                , Done        , Hana                         ,        , "-->Tasks\Website\..BackToOrigi..Intermediate..CreateSite..CreateYamls..Leaves..""The Abyss""..Meetings..Plannings..""Create baseline""<"                                                                                                                                                                                                                                                          , 
 ,                                                                                                                                                , Done        , "Bobi, Hana"                 ,        , "-->Tasks\Website\..BackToOrigi..Intermediate..CreateSite..CreateYamls..Leaves..""The Abyss""..Meetings..Plannings..Review<"                                                                                                                                                                                                                                                                       , 
 ,                                                                                                                                                , Done        , Bobi                         ,        , "-->Tasks\Website\..BackToOrigi..Intermediate..CreateSite..CreateYamls..Leaves..""The Abyss""..Meetings..Plannings..""Finalize and publish""<"                                                                                                                                                                                                                                                     , 
 , 60m (timeboxed)                                                                                                                                , Done        , Bobi                         ,        , "-->Tasks\Website\..BackToOrigi..Intermediate..CreateSite..CreateYamls..Leaves..""The Abyss""..Meetings..Retrospectives<"                                                                                                                                                                                                                                                                          , 
 ,                                                                                                                                                , Done        , Hana                         ,        , "-->Tasks\Website\..BackToOrigi..Intermediate..CreateSite..CreateYamls..Leaves..""The Abyss""..Meetings..Retrospectives..""Create baseline""<"                                                                                                                                                                                                                                                     , 
 ,                                                                                                                                                , Done        , "Bobi, Hana"                 ,        , "-->Tasks\Website\..BackToOrigi..Intermediate..CreateSite..CreateYamls..Leaves..""The Abyss""..Meetings..Retrospectives..Review<"                                                                                                                                                                                                                                                                  , 
 ,                                                                                                                                                , Done        , Bobi                         ,        , "-->Tasks\Website\..BackToOrigi..Intermediate..CreateSite..CreateYamls..Leaves..""The Abyss""..Meetings..Retrospectives..""Finalize and publish""<"                                                                                                                                                                                                                                                , 
 ,                                                                                                                                                , Done        , Bobi                         ,        , "-->Tasks\Website\..BackToOrigi..Intermediate..CreateSite..CreateYamls..Leaves..""The Abyss""..""Move my PublicWorkspace""<"                                                                                                                                                                                                                                                                       , 
 ,                                                                                                                                                , Done        , Bobi                         ,        , "-->Tasks\Website\..BackToOrigi..Intermediate..CreateSite..CreateYamls..Leaves..""The Abyss""..""Move my PublicWorkspace""..""Figure out how to handle this in the new repo""<"                                                                                                                                                                                                                    , 
 , 30                                                                                                                                             , Done        , Bobi                         , 30     , "-->Tasks\Website\..BackToOrigi..Intermediate..CreateSite..CreateYamls..Leaves..""The Abyss""..""Move my PublicWorkspace""..Implement<"                                                                                                                                                                                                                                                            , 
 ,                                                                                                                                                , Done        ,                              ,        , "-->Tasks\Website\..BackToOrigi..Intermediate..CreateSite..CreateYamls..Leaves..""The Abyss""..""Move my PublicWorkspace""..Implement..""Move the current PublicWorkspace and Tasks for both of us""<"                                                                                                                                                                                             , 
 ,                                                                                                                                                , Done        ,                              ,        , "-->Tasks\Website\..BackToOrigi..Intermediate..CreateSite..CreateYamls..Leaves..""The Abyss""..""Move my PublicWorkspace""..Implement..""Modify app.js""<"                                                                                                                                                                                                                                         , 
 ,                                                                                                                                                , Done        ,                              ,        , "-->Tasks\Website\..BackToOrigi..Intermediate..CreateSite..CreateYamls..Leaves..""The Abyss""..""Move my PublicWorkspace""..Implement..""Modify the generator config""<"                                                                                                                                                                                                                           , 
 ,                                                                                                                                                , Done        ,                              ,        , "-->Tasks\Website\..BackToOrigi..Intermediate..CreateSite..CreateYamls..Leaves..""The Abyss""..""Move my PublicWorkspace""..Implement..""Update the description""<"                                                                                                                                                                                                                                , 
 ,                                                                                                                                                , Done        ,                              ,        , "-->Tasks\Website\..BackToOrigi..Intermediate..CreateSite..CreateYamls..Leaves..""The Abyss""..""Move my PublicWorkspace""..Implement..""Generate, check and fix""<"                                                                                                                                                                                                                               , 
 , 15                                                                                                                                             , Done        , Bobi                         , 15     , "-->Tasks\Website\..BackToOrigi..Intermediate..CreateSite..CreateYamls..Leaves..""The Abyss""..""Move the Bugs""<"                                                                                                                                                                                                                                                                                 , 
 ,                                                                                                                                                , Done        ,                              ,        , "-->Tasks\Website\..BackToOrigi..Intermediate..CreateSite..CreateYamls..Leaves..""The Abyss""..""Fix the file locations in converter setup""<"                                                                                                                                                                                                                                                     , 
 , 30                                                                                                                                             , Done        , Bobi                         , 0      , "-->Tasks\Website\..BackToOrigi..Intermediate..CreateSite..CreateYamls..Leaves..""The Abyss""..""Move anything else""<"                                                                                                                                                                                                                                                                            , 
 ,                                                                                                                                                , Done        ,                              ,        , "-->Tasks\Website\..BackToOrigi..Intermediate..CreateSite..CreateYamls..Leaves..""The Abyss""..""Move anything else""..""Move .vscode folder""<"                                                                                                                                                                                                                                                   , 
 ,                                                                                                                                                , Done        , Bobi                         ,        , "-->Tasks\Website\..BackToOrigi..Intermediate..CreateSite..CreateYamls..Leaves..""The Abyss""..""Move anything else""..""Move the F2FileToHtmlConverter related tasks""<"                                                                                                                                                                                                                          , 
 , 60                                                                                                                                             , Done        , Bobi                         , 60     , "-->Tasks\Website\..BackToOrigi..Intermediate..CreateSite..CreateYamls..""Write content for the knots""<"                                                                                                                                                                                                                                                                                          , 
 ,                                                                                                                                                , Done        ,                              ,        , "-->Tasks\Website\..BackToOrigi..Intermediate..CreateSite..CreateYamls..""Write content for the knots""..""Decide the format and process""<"                                                                                                                                                                                                                                                       , 
 ,                                                                                                                                                , Done        ,                              ,        , "-->Tasks\Website\..BackToOrigi..Intermediate..CreateSite..CreateYamls..""Write content for the knots""..""Create the html files with lorem ipsum""<"                                                                                                                                                                                                                                              , 
 ,                                                                                                                                                , Done        ,                              ,        , "-->Tasks\Website\..BackToOrigi..Intermediate..CreateSite..CreateYamls..""Write content for the knots""..""Write the actual content""<"                                                                                                                                                                                                                                                            , 
 , 30                                                                                                                                             , Done        , Bobi                         ,        , "-->Tasks\Website\..BackToOrigi..Intermediate..CreateSite..CreateYamls..""Upload the phase1 yamls""<"                                                                                                                                                                                                                                                                                              , 
 ,                                                                                                                                                , Done        , Bobi                         ,        , -->Tasks\Website\..BackToOrigi..Intermediate..ShadowsSite<                                                                                                                                                                                                                                                                                                                                         , 
 ,                                                                                                                                                , Done        ,                              ,        , "-->Tasks\Website\..BackToOrigi..Intermediate..ShadowsSite..""Revise the homepage""<"                                                                                                                                                                                                                                                                                                              , 
 ,                                                                                                                                                , Done        , everyone                     ,        , "-->Tasks\Website\..BackToOrigi..Intermediate..ShadowsSite..""Change the ""Building fair systems through Collaboration"" to the one we decided""<"                                                                                                                                                                                                                                                 , 
 ,                                                                                                                                                , Done        , Bobi                         ,        , "-->Tasks\Website\..BackToOrigi..Intermediate..ShadowsSite..""Change the ""Building fair systems through Collaboration"" to the one we decided""..""Change it in the title bar""<"                                                                                                                                                                                                                 , 
 ,                                                                                                                                                , Done        , Bobi                         ,        , "-->Tasks\Website\..BackToOrigi..Intermediate..ShadowsSite..""Integrate Shadow's site with the Deepdive one""<"                                                                                                                                                                                                                                                                                    , 
 ,                                                                                                                                                , Done        , Bobi                         ,        , "-->Tasks\Website\..BackToOrigi..Intermediate..ShadowsSite..""Integrate Shadow's site with the Deepdive one""..""DNS setup""<"                                                                                                                                                                                                                                                                     , 
 , 30                                                                                                                                             , Done        , Bobi                         , 0      , "-->Tasks\Website\..BackToOrigi..Intermediate..ShadowsSite..""Integrate Shadow's site with the Deepdive one""..""Add CTAs leading to the OriginalConcept site""<"                                                                                                                                                                                                                                  , 
 , 60                                                                                                                                             , Done        , Bobi                         , 0      , "-->Tasks\Website\..BackToOrigi..Intermediate..ShadowsSite..""Relearn how to edit Shadow's site""<"                                                                                                                                                                                                                                                                                                , 
 , 10m                                                                                                                                            , Done        , Bobi                         , 10     , "-->Tasks\Website\..BackToOrigi..Intermediate..ShadowsSite..""Move the top menu items to the left""<"                                                                                                                                                                                                                                                                                              , 
 , 5                                                                                                                                              , Done        , Bobi                         , 0      , "-->Tasks\Website\..BackToOrigi..Intermediate..ShadowsSite..""Remove the ""TF2P"" text""<"                                                                                                                                                                                                                                                                                                         , 
 , 120m                                                                                                                                           , Done        , Bobi                         ,        , "-->Tasks\Website\..BackToOrigi..Intermediate..""Go live""<"                                                                                                                                                                                                                                                                                                                                       , 
 ,                                                                                                                                                , Done        , Bobi                         ,        , "-->Tasks\Website\..BackToOrigi..Intermediate..""Go live""..""Go live Phase1""<"                                                                                                                                                                                                                                                                                                                   , 
 ,                                                                                                                                                , Done        , "Bobi, Hana"                 ,        , "-->Tasks\Website\..BackToOrigi..Intermediate..""Go live""..""Go live Phase1""..""Decide:_ What should be included in this phase""<"                                                                                                                                                                                                                                                               , 
 , 40                                                                                                                                             , Done        , "Bobi, Hana"                 ,        , "-->Tasks\Website\..BackToOrigi..Intermediate..""Go live""..""Go live Phase1""..""Decide:_ What should be included in this phase""..""Create baseline""<"                                                                                                                                                                                                                                          , 
 ,                                                                                                                                                , Done        , "Hana, Bobi"                 ,        , "-->Tasks\Website\..BackToOrigi..Intermediate..""Go live""..""Go live Phase1""..""Decide:_ What should be included in this phase""..Review<"                                                                                                                                                                                                                                                       , 
 , 60                                                                                                                                             , Done        , Bobi                         ,        , "-->Tasks\Website\..BackToOrigi..Intermediate..""Go live""..""Go live Phase1""..""Go live""<"                                                                                                                                                                                                                                                                                                      , 
 ,                                                                                                                                                , Cancelled   , Bobi                         ,        , "-->Tasks\Website\..BackToOrigi..Intermediate..""Go live""..""Go live Phase2""<"                                                                                                                                                                                                                                                                                                                   , 
 ,                                                                                                                                                , Done        , "Bobi, Hana"                 ,        , "-->Tasks\Website\..BackToOrigi..Intermediate..""Go live""..""Go live Phase2""..""Decide:_ What should be included in this phase""<"                                                                                                                                                                                                                                                               , 
 ,                                                                                                                                                , Cancelled   , Bobi                         ,        , "-->Tasks\Website\..BackToOrigi..Intermediate..""Go live""..""Go live Phase2""..""Go live""<"                                                                                                                                                                                                                                                                                                      , 
 , 30                                                                                                                                             , Done        , "Hana, Bobi"                 , 0      , "-->Tasks\Website\..BackToOrigi..Intermediate..""Setup Discord permissions and channels""<"                                                                                                                                                                                                                                                                                                        , 
 ,                                                                                                                                                , Done        ,                              ,        , "-->Tasks\Website\..BackToOrigi..Intermediate..""Setup Discord permissions and channels""..""Create none expiry invite for TF2P""<"                                                                                                                                                                                                                                                                , 
 ,                                                                                                                                                ,             ,                              ,        , -->Tasks\Website\..Improvements<                                                                                                                                                                                                                                                                                                                                                                   , 
 ,                                                                                                                                                , Done        ,                              ,        , -->Tasks\Website\..Improvements..ToC<                                                                                                                                                                                                                                                                                                                                                              , 
 ,                                                                                                                                                , Done        , everyone                     ,        , "-->Tasks\Website\..Improvements..ToC..""Make a decision - should we do it and how?""<"                                                                                                                                                                                                                                                                                                            , 
 ,                                                                                                                                                , EstTODO     , Bobi                         ,        , "-->Tasks\Website\..Improvements..""Convert the F2Links on the site to html ones""<"                                                                                                                                                                                                                                                                                                               , 
 , 180                                                                                                                                            , Cancelled   , "Bobi, Hana"                 , 180    , "-->Tasks\Website\..Improvements..""Convert the F2Links on the site to html ones""..""Manually create the yaml links""<"                                                                                                                                                                                                                                                                           , 
 ,                                                                                                                                                ,             ,                              ,        , "-->Tasks\Website\..Improvements..""Convert the F2Links on the site to html ones""..""-->Tasks\Software\F2FileToHtmlConverter\..F2FileToHtmlConverter..""Development""..""SecondPhase""..""Detect and convert f2yaml links""<""<"                                                                                                                                                                  , 
 , 30                                                                                                                                             , InProgress  , "Hana, Bobi"                 , 30     , -->Tasks\Website\..Improvements..RecordingAboutHistory<                                                                                                                                                                                                                                                                                                                                            , 
 ,                                                                                                                                                , Cancelled   ,                              ,        , "-->Tasks\Website\..Improvements..RecordingAboutHistory..""figuring out how to install Audicity""<"                                                                                                                                                                                                                                                                                                , 
 , 60                                                                                                                                             , Done        , Hana                         , 0      , "-->Tasks\Website\..Improvements..RecordingAboutHistory..""Transcribe the recording""<"                                                                                                                                                                                                                                                                                                            , 
 , 30                                                                                                                                             , Done        , Hana                         , 0      , "-->Tasks\Website\..Improvements..RecordingAboutHistory..""Fine-tune the transcription""<"                                                                                                                                                                                                                                                                                                         , 
 , 30                                                                                                                                             , EstTODO     , Bobi                         , 30     , "-->Tasks\Website\..Improvements..RecordingAboutHistory..""Add it to the website""<"                                                                                                                                                                                                                                                                                                               , 
 ,                                                                                                                                                , EstTODO     , Bobi                         ,        , -->Tasks\Website\..Improvements..CreateYamls<                                                                                                                                                                                                                                                                                                                                                      , 
 , 120                                                                                                                                            , EstTODO     , Bobi                         , 120    , -->Tasks\Website\..Improvements..CreateYamls..LearnToDiveSyntax<                                                                                                                                                                                                                                                                                                                                   , 
 , 420                                                                                                                                            , EstTODO     , Bobi                         , 420    , -->Tasks\Website\..Improvements..CreateYamls..TheAbyss<                                                                                                                                                                                                                                                                                                                                            , 
 ,                                                                                                                                                , TODO        ,                              ,        , -->Tasks\Website\..Improvements..CreateYamls..TheAbyss..Overview<                                                                                                                                                                                                                                                                                                                                  , 
 ,                                                                                                                                                , TODO        ,                              ,        , -->Tasks\Website\..Improvements..CreateYamls..TheAbyss..Overview..Summary<                                                                                                                                                                                                                                                                                                                         , 
 , 20                                                                                                                                             , TODO        , Bobi                         , 20     , "-->Tasks\Website\..Improvements..CreateYamls..TheAbyss..Overview..Summary..""Create a ToC like thing from this""<"                                                                                                                                                                                                                                                                                , 
 ,                                                                                                                                                ,             ,                              ,        , "-->Tasks\Website\..Improvements..CreateYamls..TheAbyss..Overview..Summary..""Create a ToC like thing from this"".Details..ERROR..ERROR<"                                                                                                                                                                                                                                                          , 
 ,                                                                                                                                                , TODO        ,                              ,        , -->Tasks\Website\..Improvements..CreateYamls..TheAbyss..Specifics<                                                                                                                                                                                                                                                                                                                                 , 
 ,                                                                                                                                                , TODO        , Bobi                         ,        , -->Tasks\Website\..Improvements..CreateYamls..TheAbyss..Specifics..BelongsTo<                                                                                                                                                                                                                                                                                                                      , 
 ,                                                                                                                                                , TODO        , Bobi                         ,        , -->Tasks\Website\..Improvements..CreateYamls..TheAbyss..Specifics..InternalId<                                                                                                                                                                                                                                                                                                                     , 
 ,                                                                                                                                                , TODO        , Bobi                         ,        , "-->Tasks\Website\..Improvements..CreateYamls..TheAbyss..Specifics..""Workspace and Command Line differences""<"                                                                                                                                                                                                                                                                                   , 
 ,                                                                                                                                                , TODO        , Bobi                         ,        , "-->Tasks\Website\..Improvements..CreateYamls..TheAbyss..Specifics..""The dot notation""<"                                                                                                                                                                                                                                                                                                         , 
 ,                                                                                                                                                , TODO        , Bobi                         ,        , "-->Tasks\Website\..Improvements..CreateYamls..TheAbyss..""Review and organize the rest""<"                                                                                                                                                                                                                                                                                                        , 
 ,                                                                                                                                                , TODO        , Bobi                         ,        , -->Tasks\Website\..Improvements..CreateYamls..TheAbyss..F2Link<                                                                                                                                                                                                                                                                                                                                    , 
 ,                                                                                                                                                , EstTODO     ,                              ,        , -->Tasks\Website\..Improvements..MakeYamlsDownloadable<                                                                                                                                                                                                                                                                                                                                            , 
 ,                                                                                                                                                , Cancelled   ,                              ,        , "-->Tasks\Website\..Improvements..MakeYamlsDownloadable..""As a single file""<"                                                                                                                                                                                                                                                                                                                    , 
 ,                                                                                                                                                , Cancelled   ,                              ,        , -->Tasks\Website\..Improvements..MakeYamlsDownloadable..AsAPackage<                                                                                                                                                                                                                                                                                                                                , 
 ,                                                                                                                                                , Done        ,                              ,        , "-->Tasks\Website\..Improvements..MakeYamlsDownloadable..AsAPackage..""Decide:_ Maybe we should just link to the new repo?""<"                                                                                                                                                                                                                                                                     , 
 , 20                                                                                                                                             , Cancelled   , Bobi                         , 20     , -->Tasks\Website\..Improvements..MakeYamlsDownloadable..AsAPackage..Implement<                                                                                                                                                                                                                                                                                                                     , "-->Tasks\Website\..""Back to original""..""Do intermediate solution""..""Create the OriginalConcept site""..""Create a new repository for the new set of yamls""<"
 , 60                                                                                                                                             , EstTODO     , Bobi                         , 60     , "-->Tasks\Website\..Improvements..MakeYamlsDownloadable..""As a Github repo""<"                                                                                                                                                                                                                                                                                                                    , 
 ,                                                                                                                                                , EstTODO     ,                              ,        , -->Tasks\Website\..Improvements..FoldAll<                                                                                                                                                                                                                                                                                                                                                          , 
 , 20                                                                                                                                             , EstTODO     , Bobi                         , 20     , -->Tasks\Website\..Improvements..FoldAll..Codex<                                                                                                                                                                                                                                                                                                                                                   , 
 , 120                                                                                                                                            , NEXT        , Bobi                         , 120    , "-->Tasks\Website\..Improvements..FoldAll..""If the previous didn't work bug-free, do it manually""<"                                                                                                                                                                                                                                                                                              , 
 , 30                                                                                                                                             , Cancelled   , Hana                         , 30     , -->Tasks\Website\..Improvements..ManualHtmlLinks<                                                                                                                                                                                                                                                                                                                                                  , 
 ,                                                                                                                                                , Done        , Bobi                         ,        , -->Tasks\Website\..Improvements..PublishCSVs<                                                                                                                                                                                                                                                                                                                                                      , 
 , 4h                                                                                                                                             , OnHold      , Bobi                         ,        , -->Tasks\Website\..Improvements..JoinMission<                                                                                                                                                                                                                                                                                                                                                      , 
 ,                                                                                                                                                , InProgress  , Bobi                         ,        , -->Tasks\Website\..Improvements..JoinMission..BuyUsACoffee<                                                                                                                                                                                                                                                                                                                                        , 
 ,                                                                                                                                                , Done        , Hana                         ,        , -->Tasks\Website\..Improvements..JoinMission..BuyUsACoffee..Research<                                                                                                                                                                                                                                                                                                                              , 
 ,                                                                                                                                                , InProgress  , "Hana, Bobi"                 ,        , "-->Tasks\Website\..Improvements..JoinMission..BuyUsACoffee..""Set up the account""<"                                                                                                                                                                                                                                                                                                              , 
 , 30                                                                                                                                             , TODO        , Bobi                         ,        , "-->Tasks\Website\..Improvements..JoinMission..BuyUsACoffee..""Set up the account""..""Create a bio for the account""<"                                                                                                                                                                                                                                                                            , 
 ,                                                                                                                                                , TODO        , Bobi                         ,        , "-->Tasks\Website\..Improvements..JoinMission..BuyUsACoffee..""Set up the account""..""Create a bio for the account""..""Create a baseline""<"                                                                                                                                                                                                                                                     , 
 ,                                                                                                                                                , TODO        , "Hana, Bobi"                 ,        , "-->Tasks\Website\..Improvements..JoinMission..BuyUsACoffee..""Set up the account""..""Create a bio for the account""..""Review it with the team""<"                                                                                                                                                                                                                                               , 
 ,                                                                                                                                                , TODO        , Bobi                         ,        , "-->Tasks\Website\..Improvements..JoinMission..BuyUsACoffee..""Set up the account""..""Create a bio for the account""..""Finalize and upload it""<"                                                                                                                                                                                                                                                , 
 ,                                                                                                                                                , Done        ,                              ,        , "-->Tasks\Website\..Improvements..JoinMission..BuyUsACoffee..""Set up the account""..""Add the payment info""<"                                                                                                                                                                                                                                                                                    , 
 ,                                                                                                                                                , Done        , Hana                         ,        , "-->Tasks\Website\..Improvements..JoinMission..BuyUsACoffee..""Set up the account""..""Add the payment info""..""Create a stripe account""<"                                                                                                                                                                                                                                                       , 
 , 2h                                                                                                                                             , Done        , Hana                         ,        , "-->Tasks\Website\..Improvements..JoinMission..BuyUsACoffee..""Set up the account""..""Add the payment info""..""Fight it through with fucking support and solve the issue""<"                                                                                                                                                                                                                     , 
 ,                                                                                                                                                , Done        , "Bobi, Hana"                 ,        , "-->Tasks\Website\..Improvements..JoinMission..BuyUsACoffee..""Set up the account""..""Put the credentials to the PasswordsAndAccesses.dat in the Truecrypt repo""<"                                                                                                                                                                                                                               , 
 ,                                                                                                                                                , Done        ,                              ,        , "-->Tasks\Website\..Improvements..JoinMission..BuyUsACoffee..""Set up the account""..""Put the credentials to the PasswordsAndAccesses.dat in the Truecrypt repo""..Stripe<"                                                                                                                                                                                                                       , 
 ,                                                                                                                                                , Done        ,                              ,        , "-->Tasks\Website\..Improvements..JoinMission..BuyUsACoffee..""Set up the account""..""Put the credentials to the PasswordsAndAccesses.dat in the Truecrypt repo""..BuyUsACoffee<"                                                                                                                                                                                                                 , 
 , 30                                                                                                                                             , NEXT        , Bobi                         ,        , -->Tasks\Website\..Improvements..JoinMission..BuyUsACoffee..Implement<                                                                                                                                                                                                                                                                                                                             , 
 ,                                                                                                                                                , TODO        , Bobi                         ,        , -->Tasks\Website\..Improvements..JoinMission..Crypto<                                                                                                                                                                                                                                                                                                                                              , 
 ,                                                                                                                                                , TODO        , Bobi                         ,        , "-->Tasks\Website\..Improvements..JoinMission..Crypto..""Resurrect Monero""<"                                                                                                                                                                                                                                                                                                                      , 
 ,                                                                                                                                                , TODO        , Bobi                         ,        , "-->Tasks\Website\..Improvements..JoinMission..Crypto..""Decide do we need anything else""<"                                                                                                                                                                                                                                                                                                       , 
 ,                                                                                                                                                , EstTODO     , "Shadow, Hana"               ,        , -->Tasks\Website\..Improvements..CreateRoadmap<                                                                                                                                                                                                                                                                                                                                                    , "-->Tasks\Management\..""Plan the next Milestones""..""Decide:_ Milestones and areas baseline""<"
 , 30                                                                                                                                             , EstTODO     , "Bobi, Hana"                 , 30     , "-->Tasks\Website\..Improvements..CreateRoadmap..""Decide:_ how should we handle history?""<"                                                                                                                                                                                                                                                                                                      , 
 , 60                                                                                                                                             , EstTODO     , Bobi                         , 60     , "-->Tasks\Website\..Improvements..CreateRoadmap..""Basic yaml based, generated""<"                                                                                                                                                                                                                                                                                                                 , 
 , 150                                                                                                                                            , EstTODO     , Bobi                         , 150    , "-->Tasks\Website\..Improvements..CreateRoadmap..""Designed, non-generated""<"                                                                                                                                                                                                                                                                                                                     , 
 ,                                                                                                                                                , EstTODO     ,                              ,        , -->Tasks\Website\..Improvements..ShadowsSite<                                                                                                                                                                                                                                                                                                                                                      , 
 , 60                                                                                                                                             , EstTODO     , Bobi                         , 60     , -->Tasks\Website\..Improvements..ShadowsSite..RevisePages<                                                                                                                                                                                                                                                                                                                                         , 
 , 60                                                                                                                                             , EstTODO     , Bobi                         , 60     , "-->Tasks\Website\..Improvements..ShadowsSite..""Redesign the main site to black""<"                                                                                                                                                                                                                                                                                                               , 
 , 60                                                                                                                                             , EstTODO     , Bobi                         , 60     , -->Tasks\Website\..Improvements..ShadowsSite..Cleanup<                                                                                                                                                                                                                                                                                                                                             , 
 ,                                                                                                                                                , EstTODO     , Bobi                         ,        , "-->Tasks\Website\..Improvements..""Update the colors to the current VS Code color scheme""<"                                                                                                                                                                                                                                                                                                      , 
 , 20                                                                                                                                             , EstTODO     , Bobi                         , 20     , "-->Tasks\Website\..Improvements..""Update the colors to the current VS Code color scheme""..""Update the colors of the non-generated pages""<"                                                                                                                                                                                                                                                    , 
 ,                                                                                                                                                ,             ,                              ,        , "-->Tasks\Website\..Improvements..""Update the colors to the current VS Code color scheme""..""-->Tasks\Software\F2FileToHtmlConverter\..F2FileToHtmlConverter..""Development""..""SecondPhase""..""Update the colors to the current VS Code theme""<""<"                                                                                                                                          , 
 ,                                                                                                                                                , OnGoing     , Bobi                         ,        , "-->Tasks\Website\..Improvements..""Work out user journeys on the site""<"                                                                                                                                                                                                                                                                                                                         , 
 , 30                                                                                                                                             , Done        , Bobi                         , 30     , "-->Tasks\Website\..Improvements..""Work out user journeys on the site""..""Create baseline""<"                                                                                                                                                                                                                                                                                                    , 
 ,                                                                                                                                                , EstTODO     ,                              ,        , "-->Tasks\Website\..Improvements..""Embed something from Twitch""<"                                                                                                                                                                                                                                                                                                                                , 
 , 60                                                                                                                                             , TODO        , "Hana, Bobi"                 , 60     , "-->Tasks\Website\..Improvements..""Embed something from Twitch""..""Decide:_ what to embed and how""<"                                                                                                                                                                                                                                                                                            , 
 , 30                                                                                                                                             , NEXT        , Bobi                         , 30     , "-->Tasks\Website\..Improvements..""Embed something from Twitch""..""Implement the decision""<"                                                                                                                                                                                                                                                                                                    , 
 , 30                                                                                                                                             , EstTODO     , Bobi                         , 30     , "-->Tasks\Website\..Improvements..""Fix spelling mistakes by feeding the content to some LLM agent""<"                                                                                                                                                                                                                                                                                             , 
 ,                                                                                                                                                , OnHold      ,                              ,        , -->Tasks\Website\..Improvements..Later<                                                                                                                                                                                                                                                                                                                                                            , 
 ,                                                                                                                                                , OnHold      ,                              ,        , "-->Tasks\Website\..Improvements..Later..""Social media bar""<"                                                                                                                                                                                                                                                                                                                                    , 
 ,                                                                                                                                                , OnHold      , Shadow                       ,        , "-->Tasks\Website\..Improvements..Later..""Footer section""<"                                                                                                                                                                                                                                                                                                                                      , 
 ,                                                                                                                                                , Cancelled   ,                              ,        , -->Tasks\Website\..Improvements..Trash<                                                                                                                                                                                                                                                                                                                                                            , 
 ,                                                                                                                                                , Cancelled   ,                              ,        , "-->Tasks\Website\..Improvements..Trash..""Coming soon section on the website""<"                                                                                                                                                                                                                                                                                                                  , 
 ,                                                                                                                                                , Cancelled   ,                              ,        , "-->Tasks\Website\..Improvements..Trash..""Coming soon section on the website""..""Create the content""<"                                                                                                                                                                                                                                                                                          , 
 ,                                                                                                                                                , Cancelled   , Hana                         ,        , "-->Tasks\Website\..Improvements..Trash..""Coming soon section on the website""..""Create the content""..""Collect the bigpotatoes and create baseline content""<"                                                                                                                                                                                                                                 , 
 ,                                                                                                                                                , Cancelled   , everyone                     ,        , "-->Tasks\Website\..Improvements..Trash..""Coming soon section on the website""..""Create the content""..Review<"                                                                                                                                                                                                                                                                                  , 
 ,                                                                                                                                                , Cancelled   , Hana                         ,        , "-->Tasks\Website\..Improvements..Trash..""Coming soon section on the website""..""Figure out how to put it on the site""<"                                                                                                                                                                                                                                                                        , 
 ,                                                                                                                                                , Cancelled   ,                              ,        , "-->Tasks\Website\..Improvements..Trash..""Coming soon section on the website""..Implement<"                                                                                                                                                                                                                                                                                                       , 
 ,                                                                                                                                                ,             , Bobi                         ,        , -->Tasks\Website\..Bugs<                                                                                                                                                                                                                                                                                                                                                                           , 
 , 30                                                                                                                                             , Cancelled   , Bobi                         , 0      , "-->Tasks\Website\..Bugs..""Fix the live site inception bug""<"                                                                                                                                                                                                                                                                                                                                    , 
 , 30                                                                                                                                             ,             , Bobi                         , 0      , "-->Tasks\Website\..Bugs..""Some colors are missing from colors.json""<"                                                                                                                                                                                                                                                                                                                           , 
 , 60                                                                                                                                             ,             , Bobi                         , 0      , "-->Tasks\Website\..Bugs..""Fix scrolling bug""<"                                                                                                                                                                                                                                                                                                                                                  , 
 , 60                                                                                                                                             ,             , Bobi                         , 0      , "-->Tasks\Website\..Bugs..""NonDD pages inception-like behavior""<"                                                                                                                                                                                                                                                                                                                                , 
 , 30                                                                                                                                             ,             , Bobi                         , 0      , "-->Tasks\Website\..Bugs..""Cloudflare hides emails due to some email protection feature; disable this""<"                                                                                                                                                                                                                                                                                         , 
 , 30                                                                                                                                             ,             , Bobi                         , 0      , "-->Tasks\Website\..Bugs..""Sidebar shrinks if the content is too wide""<"                                                                                                                                                                                                                                                                                                                         , 
 , 10                                                                                                                                             ,             , Bobi                         , 0      , "-->Tasks\Website\..Bugs..""Some more colors are missing from colors.json""<"                                                                                                                                                                                                                                                                                                                      , 
 , 10                                                                                                                                             , TODO        , Bobi                         , 10     , "-->Tasks\Website\..Bugs..""Colors missing and incorrect - again""<"                                                                                                                                                                                                                                                                                                                               , 